<ImportExportXml xmlns:xsi="http://www.w3.org/2001/XMLSchema-instance">
  <Entities></Entities>
  <Roles></Roles>
  <Workflows>
    <Workflow WorkflowId="{8a4c9c7d-2301-ee11-8f6c-002248c6b93d}" Name="Provisioning Request Approval">
      <JsonFileName>/Workflows/ProvisioningRequestApproval-8A4C9C7D-2301-EE11-8F6C-002248C6B93D.json</JsonFileName>
      <Type>1</Type>
      <Subprocess>0</Subprocess>
      <Category>5</Category>
      <Mode>0</Mode>
      <Scope>4</Scope>
      <OnDemand>0</OnDemand>
      <TriggerOnCreate>0</TriggerOnCreate>
      <TriggerOnDelete>0</TriggerOnDelete>
      <AsyncAutodelete>0</AsyncAutodelete>
      <SyncWorkflowLogOnFailure>0</SyncWorkflowLogOnFailure>
      <StateCode>0</StateCode>
      <StatusCode>1</StatusCode>
      <RunAs>1</RunAs>
      <IsTransacted>1</IsTransacted>
      <IntroducedVersion>1.0.0.0</IntroducedVersion>
      <IsCustomizable>1</IsCustomizable>
      <IsCustomProcessingStepAllowedForOtherPublishers>1</IsCustomProcessingStepAllowedForOtherPublishers>
      <PrimaryEntity>none</PrimaryEntity>
      <LocalizedNames>
        <LocalizedName languagecode="1033" description="Provisioning Request Approval" />
      </LocalizedNames>
    </Workflow>
    <Workflow WorkflowId="{4241e9be-9000-ee11-8f6c-002248c6b93d}" Name="Check Space Availability">
      <JsonFileName>/Workflows/CheckSpaceAvailability-4241E9BE-9000-EE11-8F6C-002248C6B93D.json</JsonFileName>
      <Type>1</Type>
      <Subprocess>0</Subprocess>
      <Category>5</Category>
      <Mode>0</Mode>
      <Scope>4</Scope>
      <OnDemand>0</OnDemand>
      <TriggerOnCreate>0</TriggerOnCreate>
      <TriggerOnDelete>0</TriggerOnDelete>
      <AsyncAutodelete>0</AsyncAutodelete>
      <SyncWorkflowLogOnFailure>0</SyncWorkflowLogOnFailure>
      <StateCode>1</StateCode>
      <StatusCode>2</StatusCode>
      <RunAs>1</RunAs>
      <IsTransacted>1</IsTransacted>
      <IntroducedVersion>1.0.0.0</IntroducedVersion>
      <IsCustomizable>1</IsCustomizable>
      <IsCustomProcessingStepAllowedForOtherPublishers>1</IsCustomProcessingStepAllowedForOtherPublishers>
      <PrimaryEntity>none</PrimaryEntity>
      <LocalizedNames>
        <LocalizedName languagecode="1033" description="Check Space Availability" />
      </LocalizedNames>
    </Workflow>
  </Workflows>
  <FieldSecurityProfiles></FieldSecurityProfiles>
  <Templates />
  <EntityMaps />
  <EntityRelationships />
  <OrganizationSettings />
  <optionsets />
  <CustomControls />
  <EntityDataProviders />
  <CanvasApps>
    <CanvasApp>
      <Name>msftprov_provisionassistv2_7237c</Name>
      <AppVersion>2024-07-09T11:34:57Z</AppVersion>
      <Status>Ready</Status>
      <CreatedByClientVersion>3.24063.22.0</CreatedByClientVersion>
      <MinClientVersion>3.24063.22.0</MinClientVersion>
      <Tags>{"primaryDeviceWidth":"1366","primaryDeviceHeight":"768","sienaVersion":"20240709T085129Z-3.24063.22.0","deviceCapabilities":"","supportsPortrait":"true","supportsLandscape":"true","primaryFormFactor":"Tablet","publisherVersion":"3.24063.22","minimumRequiredApiVersion":"2.2.0","hasComponent":"true","hasNonOOBComponent":"true","hasUnlockedComponent":"true","isUnifiedRootApp":"false","showStatusBar":"false","offlineLargeFilesSupport":"false"}</Tags>
      <IsCdsUpgraded>0</IsCdsUpgraded>
      <GalleryItemId xsi:nil="true"></GalleryItemId>
      <BackgroundColor>rgba(1, 131, 134, 1)</BackgroundColor>
      <DisplayName>Provision Assist V2</DisplayName>
      <Description>Provision Assist is an app that allows users to request collaboration spaces in Microsoft 365.</Description>
      <CommitMessage xsi:nil="true"></CommitMessage>
      <Publisher xsi:nil="true"></Publisher>
      <AuthorizationReferences>[]</AuthorizationReferences>
      <ConnectionReferences>{"d1b3e3ba-3495-4c78-9688-a62e2d62a897":{"id":"/providers/microsoft.powerapps/apis/shared_office365groups","displayName":"Office 365 Groups","iconUri":"https://connectoricons-prod.azureedge.net/releases/v1.0.1681/1.0.1681.3663/office365groups/icon.png","dataSources":["Office365Groups"],"dependencies":[],"dependents":[],"parameterHints":{},"parameterHintsV2":{},"isOnPremiseConnection":false,"bypassConsent":false,"dataSets":{},"apiTier":"Standard","actions":["ListGroupMembers"]},"b1988a28-9dd0-415e-ad0b-1d837ff76fa0":{"id":"/providers/microsoft.powerapps/apis/shared_sharepointonline","displayName":"SharePoint","iconUri":"https://connectoricons-prod.azureedge.net/u/jayawan/releases/v1.0.1697/1.0.1697.3786/sharepointonline/icon.png","dataSources":["Provisioning Types List","Recommendation Scoring List","Time Zones list","Locales List","IP Labels List","Site Templates List","Teams Templates List","Provisioning Request Settings list","Hub Sites List","Retention Labels List","Provisioning Requests List"],"dependencies":[],"dependents":[],"parameterHints":{},"parameterHintsV2":{},"isOnPremiseConnection":false,"bypassConsent":false,"dataSets":{"https://m365x98525433.sharepoint.com/sites/ProvisionAssistApp_msftprov_ProvisionAssistSPOSite":{"datasetOverride":{"name":"https://m365x98525433.sharepoint.com/sites/ProvisionAssistApp","environmentVariableName":"msftprov_ProvisionAssistSPOSite"},"dataSources":{"Provisioning Types List":{"tableName":"b9217256-0391-4c21-a96a-16fa427419fb","tableNameOverride":{"name":"b9217256-0391-4c21-a96a-16fa427419fb","environmentVariableName":"msftprov_ProvisioningTypesList"}},"Recommendation Scoring List":{"tableName":"354b41e9-5c6c-404d-a53b-b62e598af8f6","tableNameOverride":{"name":"354b41e9-5c6c-404d-a53b-b62e598af8f6","environmentVariableName":"msftprov_RecommendationScoringList"}},"Time Zones list":{"tableName":"92d5bf03-5d5c-49be-95cf-de58000fdae1","tableNameOverride":{"name":"92d5bf03-5d5c-49be-95cf-de58000fdae1","environmentVariableName":"msftprov_TimeZoneslist"}},"Locales List":{"tableName":"58018e32-ccf7-43e5-a59f-2e067e70adf4","tableNameOverride":{"name":"58018e32-ccf7-43e5-a59f-2e067e70adf4","environmentVariableName":"msftprov_LocalesList"}},"IP Labels List":{"tableName":"44349fb5-6bb5-48cc-8811-a9efe1871455","tableNameOverride":{"name":"44349fb5-6bb5-48cc-8811-a9efe1871455","environmentVariableName":"msftprov_IPLabelsList"}},"Site Templates List":{"tableName":"4a8e1584-d842-4e3f-92e1-948b24c1a2f1","tableNameOverride":{"name":"4a8e1584-d842-4e3f-92e1-948b24c1a2f1","environmentVariableName":"msftprov_SiteTemplatesList"}},"Teams Templates List":{"tableName":"3afbf57d-7d92-47f0-8a6a-cb1bfea9eba8","tableNameOverride":{"name":"3afbf57d-7d92-47f0-8a6a-cb1bfea9eba8","environmentVariableName":"msftprov_TeamsTemplatesList"}},"Provisioning Request Settings list":{"tableName":"b0f54962-1a8e-44f6-a629-c79ea90878ae","tableNameOverride":{"name":"b0f54962-1a8e-44f6-a629-c79ea90878ae","environmentVariableName":"msftprov_ProvisioningRequestSettingslist"}},"Hub Sites List":{"tableName":"68d66d66-a984-4317-9c8d-c3629727c15c","tableNameOverride":{"name":"68d66d66-a984-4317-9c8d-c3629727c15c","environmentVariableName":"msftprov_HubSitesList"}},"Retention Labels List":{"tableName":"e4b9dc84-3a53-4d9a-a247-5dc37e756ec3","tableNameOverride":{"name":"e4b9dc84-3a53-4d9a-a247-5dc37e756ec3","environmentVariableName":"msftprov_RetentionLabelsList"}},"Provisioning Requests List":{"tableName":"bdbee0ef-ca88-4495-b636-33544835c225","tableNameOverride":{"name":"bdbee0ef-ca88-4495-b636-33544835c225","environmentVariableName":"msftprov_ProvisioningRequestsList"}}}}},"apiTier":"Standard","actions":["providers/PowerPlatform.Governance/Operations/Read","providers/PowerPlatform.Governance/Operations/Write","providers/PowerPlatform.Governance/Operations/Delete"]},"574758c0-d601-4baa-a10a-debb423e06af":{"id":"/providers/microsoft.powerapps/apis/shared_office365users","displayName":"Office 365 Users","iconUri":"https://connectoricons-prod.azureedge.net/u/jayawan/releases/v1.0.1694/1.0.1694.3753/office365users/icon.png","dataSources":["Office365Users"],"dependencies":[],"dependents":[],"parameterHints":{},"parameterHintsV2":{},"isOnPremiseConnection":false,"bypassConsent":false,"dataSets":{},"apiTier":"Standard","actions":["MyProfileV2","MyProfile"]},"8c4f9379-a421-4abc-9e7f-5b805be0d6d8":{"id":"/providers/microsoft.powerapps/apis/shared_logicflows","displayName":"Logic flows","iconUri":"https://connectoricons-prod.azureedge.net/releases/v1.0.1697/1.0.1697.3784/logicflows/icon.png","dataSources":["CheckSpaceAvailability"],"dependencies":[],"dependents":[],"parameterHints":{"workflowName":{"value":"8845b1ae-38a6-42dc-9258-2cdcec242d0a"},"workflowEntityId":{"value":"4241e9be-9000-ee11-8f6c-002248c6b93d"},"workflowDisplayName":{"value":"Check Space Availability"}},"parameterHintsV2":{"workflowName":{"value":"8845b1ae-38a6-42dc-9258-2cdcec242d0a"},"workflowEntityId":{"value":"4241e9be-9000-ee11-8f6c-002248c6b93d"},"workflowDisplayName":{"value":"Check Space Availability"}},"isOnPremiseConnection":false,"bypassConsent":false,"dataSets":{},"apiTier":"Standard","actions":["Run"]}}</ConnectionReferences>
      <DatabaseReferences>{}</DatabaseReferences>
      <AppComponents>[]</AppComponents>
      <AppComponentDependencies>[]</AppComponentDependencies>
      <CanConsumeAppPass>1</CanConsumeAppPass>
      <CanvasAppType>0</CanvasAppType>
      <BypassConsent>0</BypassConsent>
      <AdminControlBypassConsent>0</AdminControlBypassConsent>
      <EmbeddedApp xsi:nil="true"></EmbeddedApp>
      <IntroducedVersion>1.0</IntroducedVersion>
      <CdsDependencies>{"cdsdependencies":[{"dependencyid":"4241e9be-9000-ee11-8f6c-002248c6b93d","componenttype":29,"componenttypeplatformname":"Workflow"},{"logicalname":"msftprov_ProvisionAssistSPOSite","componenttype":380,"componenttypeplatformname":"EnvironmentVariableDefinition"},{"logicalname":"msftprov_ProvisioningTypesList","componenttype":380,"componenttypeplatformname":"EnvironmentVariableDefinition"},{"logicalname":"msftprov_RecommendationScoringList","componenttype":380,"componenttypeplatformname":"EnvironmentVariableDefinition"},{"logicalname":"msftprov_TimeZoneslist","componenttype":380,"componenttypeplatformname":"EnvironmentVariableDefinition"},{"logicalname":"msftprov_LocalesList","componenttype":380,"componenttypeplatformname":"EnvironmentVariableDefinition"},{"logicalname":"msftprov_IPLabelsList","componenttype":380,"componenttypeplatformname":"EnvironmentVariableDefinition"},{"logicalname":"msftprov_SiteTemplatesList","componenttype":380,"componenttypeplatformname":"EnvironmentVariableDefinition"},{"logicalname":"msftprov_TeamsTemplatesList","componenttype":380,"componenttypeplatformname":"EnvironmentVariableDefinition"},{"logicalname":"msftprov_ProvisioningRequestSettingslist","componenttype":380,"componenttypeplatformname":"EnvironmentVariableDefinition"},{"logicalname":"msftprov_HubSitesList","componenttype":380,"componenttypeplatformname":"EnvironmentVariableDefinition"},{"logicalname":"msftprov_RetentionLabelsList","componenttype":380,"componenttypeplatformname":"EnvironmentVariableDefinition"},{"logicalname":"msftprov_ProvisioningRequestsList","componenttype":380,"componenttypeplatformname":"EnvironmentVariableDefinition"}]}</CdsDependencies>
      <IsCustomizable>1</IsCustomizable>
      <BackgroundImageUri>/CanvasApps/msftprov_provisionassistv2_7237c_BackgroundImageUri</BackgroundImageUri>
      <DocumentUri>/CanvasApps/msftprov_provisionassistv2_7237c_DocumentUri.msapp</DocumentUri>
      <AdditionalUris>
        <AdditionalUri>/CanvasApps/msftprov_provisionassistv2_7237c_AdditionalUris0_identity.json</AdditionalUri>
      </AdditionalUris>
    </CanvasApp>
    <CanvasApp>
      <Name>msftprov_provisionassist_6b29f</Name>
      <AppVersion>2024-07-09T11:12:00Z</AppVersion>
      <Status>Ready</Status>
      <CreatedByClientVersion>3.24063.22.0</CreatedByClientVersion>
      <MinClientVersion>3.24063.22.0</MinClientVersion>
      <Tags>{"primaryDeviceWidth":"1366","primaryDeviceHeight":"768","sienaVersion":"20240220T160809Z-3.24015.12.0","deviceCapabilities":"","supportsPortrait":"true","supportsLandscape":"true","primaryFormFactor":"Tablet","publisherVersion":"3.24063.22","minimumRequiredApiVersion":"2.2.0","hasComponent":"true","hasNonOOBComponent":"true","hasUnlockedComponent":"true","isUnifiedRootApp":"false","showStatusBar":"false","offlineLargeFilesSupport":"false"}</Tags>
      <IsCdsUpgraded>0</IsCdsUpgraded>
      <GalleryItemId xsi:nil="true"></GalleryItemId>
      <BackgroundColor>rgba(1, 131, 134, 1)</BackgroundColor>
      <DisplayName>Provision Assist</DisplayName>
      <Description>Provision Assist is an app that allows users to request collaboration spaces in Microsoft 365.</Description>
      <CommitMessage xsi:nil="true"></CommitMessage>
      <Publisher></Publisher>
      <AuthorizationReferences>[]</AuthorizationReferences>
      <ConnectionReferences>{"d1b3e3ba-3495-4c78-9688-a62e2d62a897":{"id":"/providers/microsoft.powerapps/apis/shared_office365groups","displayName":"Office 365 Groups","iconUri":"https://connectoricons-prod.azureedge.net/releases/v1.0.1681/1.0.1681.3663/office365groups/icon.png","dataSources":["Office365Groups"],"dependencies":[],"dependents":[],"parameterHints":{},"parameterHintsV2":{},"isOnPremiseConnection":false,"bypassConsent":false,"dataSets":{},"apiTier":"Standard","actions":["ListGroupMembers"]},"574758c0-d601-4baa-a10a-debb423e06af":{"id":"/providers/microsoft.powerapps/apis/shared_office365users","displayName":"Office 365 Users","iconUri":"https://connectoricons-prod.azureedge.net/u/jayawan/releases/v1.0.1694/1.0.1694.3753/office365users/icon.png","dataSources":["Office365Users"],"dependencies":[],"dependents":[],"parameterHints":{},"parameterHintsV2":{},"isOnPremiseConnection":false,"bypassConsent":false,"dataSets":{},"apiTier":"Standard","actions":["MyProfile","UserPhotoV2","MyProfileV2"]},"6b6d6557-e93f-4ebe-a576-65e7c6ae0ad6":{"id":"/providers/microsoft.powerapps/apis/shared_logicflows","displayName":"Logic flows","iconUri":"https://connectoricons-prod.azureedge.net/releases/v1.0.1697/1.0.1697.3784/logicflows/icon.png","dataSources":["CheckSpaceAvailability"],"dependencies":[],"dependents":[],"parameterHints":{"workflowName":{"value":"57445872-956a-4624-be01-3b9afa4fb297"},"workflowEntityId":{"value":"4241e9be-9000-ee11-8f6c-002248c6b93d"}},"parameterHintsV2":{"workflowName":{"value":"57445872-956a-4624-be01-3b9afa4fb297"},"workflowEntityId":{"value":"4241e9be-9000-ee11-8f6c-002248c6b93d"}},"isOnPremiseConnection":false,"bypassConsent":false,"dataSets":{},"apiTier":"Standard","actions":["Run"]},"379f1934-d228-4b20-8291-cda0ac517bf1":{"id":"/providers/microsoft.powerapps/apis/shared_sharepointonline","displayName":"SharePoint","iconUri":"https://connectoricons-prod.azureedge.net/u/jayawan/releases/v1.0.1697/1.0.1697.3786/sharepointonline/icon.png","dataSources":["Site Templates List","Provisioning Types List","Locales List","Time Zones list","Provisioning Requests List","Provisioning Request Settings list","Teams Templates List","Recommendation Scoring List","IP Labels List","Hub Sites List","Retention Labels List"],"dependencies":[],"dependents":[],"parameterHints":{},"parameterHintsV2":{},"isOnPremiseConnection":false,"bypassConsent":false,"dataSets":{"https://m365x98525433.sharepoint.com/sites/ProvisionAssistApp_msftprov_ProvisionAssistSPOSite":{"datasetOverride":{"name":"https://m365x98525433.sharepoint.com/sites/ProvisionAssistApp","environmentVariableName":"msftprov_ProvisionAssistSPOSite"},"dataSources":{"Site Templates List":{"tableName":"4a8e1584-d842-4e3f-92e1-948b24c1a2f1","tableNameOverride":{"name":"4a8e1584-d842-4e3f-92e1-948b24c1a2f1","environmentVariableName":"msftprov_SiteTemplatesList"}},"Provisioning Types List":{"tableName":"b9217256-0391-4c21-a96a-16fa427419fb","tableNameOverride":{"name":"b9217256-0391-4c21-a96a-16fa427419fb","environmentVariableName":"msftprov_ProvisioningTypesList"}},"Locales List":{"tableName":"58018e32-ccf7-43e5-a59f-2e067e70adf4","tableNameOverride":{"name":"58018e32-ccf7-43e5-a59f-2e067e70adf4","environmentVariableName":"msftprov_LocalesList"}},"Time Zones list":{"tableName":"92d5bf03-5d5c-49be-95cf-de58000fdae1","tableNameOverride":{"name":"92d5bf03-5d5c-49be-95cf-de58000fdae1","environmentVariableName":"msftprov_TimeZoneslist"}},"Provisioning Requests List":{"tableName":"bdbee0ef-ca88-4495-b636-33544835c225","tableNameOverride":{"name":"bdbee0ef-ca88-4495-b636-33544835c225","environmentVariableName":"msftprov_ProvisioningRequestsList"}},"Provisioning Request Settings list":{"tableName":"b0f54962-1a8e-44f6-a629-c79ea90878ae","tableNameOverride":{"name":"b0f54962-1a8e-44f6-a629-c79ea90878ae","environmentVariableName":"msftprov_ProvisioningRequestSettingslist"}},"Teams Templates List":{"tableName":"3afbf57d-7d92-47f0-8a6a-cb1bfea9eba8","tableNameOverride":{"name":"3afbf57d-7d92-47f0-8a6a-cb1bfea9eba8","environmentVariableName":"msftprov_TeamsTemplatesList"}},"Recommendation Scoring List":{"tableName":"354b41e9-5c6c-404d-a53b-b62e598af8f6","tableNameOverride":{"name":"354b41e9-5c6c-404d-a53b-b62e598af8f6","environmentVariableName":"msftprov_RecommendationScoringList"}},"IP Labels List":{"tableName":"44349fb5-6bb5-48cc-8811-a9efe1871455","tableNameOverride":{"name":"44349fb5-6bb5-48cc-8811-a9efe1871455","environmentVariableName":"msftprov_IPLabelsList"}},"Hub Sites List":{"tableName":"68d66d66-a984-4317-9c8d-c3629727c15c","tableNameOverride":{"name":"68d66d66-a984-4317-9c8d-c3629727c15c","environmentVariableName":"msftprov_HubSitesList"}},"Retention Labels List":{"tableName":"e4b9dc84-3a53-4d9a-a247-5dc37e756ec3","tableNameOverride":{"name":"e4b9dc84-3a53-4d9a-a247-5dc37e756ec3","environmentVariableName":"msftprov_RetentionLabelsList"}}}}},"apiTier":"Standard","actions":["providers/PowerPlatform.Governance/Operations/Read","providers/PowerPlatform.Governance/Operations/Write","providers/PowerPlatform.Governance/Operations/Delete"]}}</ConnectionReferences>
      <DatabaseReferences>{}</DatabaseReferences>
      <AppComponents>[]</AppComponents>
      <AppComponentDependencies>[]</AppComponentDependencies>
      <CanConsumeAppPass>1</CanConsumeAppPass>
      <CanvasAppType>0</CanvasAppType>
      <BypassConsent>0</BypassConsent>
      <AdminControlBypassConsent>0</AdminControlBypassConsent>
      <EmbeddedApp xsi:nil="true"></EmbeddedApp>
      <IntroducedVersion>1.0</IntroducedVersion>
      <CdsDependencies>{"cdsdependencies":[{"dependencyid":"4241e9be-9000-ee11-8f6c-002248c6b93d","componenttype":29,"componenttypeplatformname":"Workflow"},{"logicalname":"msftprov_ProvisionAssistSPOSite","componenttype":380,"componenttypeplatformname":"EnvironmentVariableDefinition"},{"logicalname":"msftprov_SiteTemplatesList","componenttype":380,"componenttypeplatformname":"EnvironmentVariableDefinition"},{"logicalname":"msftprov_ProvisioningTypesList","componenttype":380,"componenttypeplatformname":"EnvironmentVariableDefinition"},{"logicalname":"msftprov_LocalesList","componenttype":380,"componenttypeplatformname":"EnvironmentVariableDefinition"},{"logicalname":"msftprov_TimeZoneslist","componenttype":380,"componenttypeplatformname":"EnvironmentVariableDefinition"},{"logicalname":"msftprov_ProvisioningRequestsList","componenttype":380,"componenttypeplatformname":"EnvironmentVariableDefinition"},{"logicalname":"msftprov_ProvisioningRequestSettingslist","componenttype":380,"componenttypeplatformname":"EnvironmentVariableDefinition"},{"logicalname":"msftprov_TeamsTemplatesList","componenttype":380,"componenttypeplatformname":"EnvironmentVariableDefinition"},{"logicalname":"msftprov_RecommendationScoringList","componenttype":380,"componenttypeplatformname":"EnvironmentVariableDefinition"},{"logicalname":"msftprov_IPLabelsList","componenttype":380,"componenttypeplatformname":"EnvironmentVariableDefinition"},{"logicalname":"msftprov_HubSitesList","componenttype":380,"componenttypeplatformname":"EnvironmentVariableDefinition"},{"logicalname":"msftprov_RetentionLabelsList","componenttype":380,"componenttypeplatformname":"EnvironmentVariableDefinition"}]}</CdsDependencies>
      <IsCustomizable>1</IsCustomizable>
      <BackgroundImageUri>/CanvasApps/msftprov_provisionassist_6b29f_BackgroundImageUri</BackgroundImageUri>
      <DocumentUri>/CanvasApps/msftprov_provisionassist_6b29f_DocumentUri.msapp</DocumentUri>
      <AdditionalUris>
        <AdditionalUri>/CanvasApps/msftprov_provisionassist_6b29f_AdditionalUris0_identity.json</AdditionalUri>
      </AdditionalUris>
    </CanvasApp>
  </CanvasApps>
  <connectionreferences>
    <connectionreference connectionreferencelogicalname="msftprov_ApprovalsConnection">
      <connectionreferencedisplayname>Approvals Connection</connectionreferencedisplayname>
      <connectorid>/providers/Microsoft.PowerApps/apis/shared_approvals</connectorid>
      <description>Approvals Connection</description>
      <iscustomizable>1</iscustomizable>
      <statecode>0</statecode>
      <statuscode>1</statuscode>
    </connectionreference>
    <connectionreference connectionreferencelogicalname="msftprov_Office365GroupsConnection">
      <connectionreferencedisplayname>Office 365 Groups Connection</connectionreferencedisplayname>
      <connectorid>/providers/Microsoft.PowerApps/apis/shared_office365groups</connectorid>
      <description>Office 365 Groups Connection</description>
      <iscustomizable>1</iscustomizable>
      <statecode>0</statecode>
      <statuscode>1</statuscode>
    </connectionreference>
    <connectionreference connectionreferencelogicalname="msftprov_Office365OutlookConnection">
      <connectionreferencedisplayname>Office 365 Outlook Connection</connectionreferencedisplayname>
      <connectorid>/providers/Microsoft.PowerApps/apis/shared_office365</connectorid>
      <description>Office 365 Outlook Connection</description>
      <iscustomizable>1</iscustomizable>
      <statecode>0</statecode>
      <statuscode>1</statuscode>
    </connectionreference>
    <connectionreference connectionreferencelogicalname="msftprov_SharePointConnection">
      <connectionreferencedisplayname>SharePoint Connection</connectionreferencedisplayname>
      <connectorid>/providers/Microsoft.PowerApps/apis/shared_sharepointonline</connectorid>
      <description>Connection to SharePoint</description>
      <iscustomizable>1</iscustomizable>
      <statecode>0</statecode>
      <statuscode>1</statuscode>
    </connectionreference>
    <connectionreference connectionreferencelogicalname="msftprov_TeamsConnection">
      <connectionreferencedisplayname>Teams Connection</connectionreferencedisplayname>
      <connectorid>/providers/Microsoft.PowerApps/apis/shared_teams</connectorid>
      <description>Microsoft Teams Connection</description>
      <iscustomizable>1</iscustomizable>
      <statecode>0</statecode>
      <statuscode>1</statuscode>
    </connectionreference>
  </connectionreferences>
  <Languages>
    <Language>1033</Language>
  </Languages>
</ImportExportXml>