<ImportExportXml xmlns:xsi="http://www.w3.org/2001/XMLSchema-instance">
  <Entities></Entities>
  <Roles></Roles>
  <Workflows>
    <Workflow WorkflowId="{4241e9be-9000-ee11-8f6c-002248c6b93d}" Name="Check Space Availability">
      <JsonFileName>/Workflows/CheckSpaceAvailability-4241E9BE-9000-EE11-8F6C-002248C6B93D.json</JsonFileName>
      <Type>1</Type>
      <Subprocess>0</Subprocess>
      <Category>5</Category>
      <Mode>0</Mode>
      <Scope>4</Scope>
      <OnDemand>0</OnDemand>
      <TriggerOnCreate>0</TriggerOnCreate>
      <TriggerOnDelete>0</TriggerOnDelete>
      <AsyncAutodelete>0</AsyncAutodelete>
      <SyncWorkflowLogOnFailure>0</SyncWorkflowLogOnFailure>
      <StateCode>1</StateCode>
      <StatusCode>2</StatusCode>
      <RunAs>1</RunAs>
      <IsTransacted>1</IsTransacted>
      <IntroducedVersion>1.0.0.0</IntroducedVersion>
      <IsCustomizable>1</IsCustomizable>
      <IsCustomProcessingStepAllowedForOtherPublishers>1</IsCustomProcessingStepAllowedForOtherPublishers>
      <PrimaryEntity>none</PrimaryEntity>
      <LocalizedNames>
        <LocalizedName languagecode="1033" description="Check Space Availability" />
      </LocalizedNames>
    </Workflow>
    <Workflow WorkflowId="{8a4c9c7d-2301-ee11-8f6c-002248c6b93d}" Name="Provisioning Request Approval">
      <JsonFileName>/Workflows/ProvisioningRequestApproval-8A4C9C7D-2301-EE11-8F6C-002248C6B93D.json</JsonFileName>
      <Type>1</Type>
      <Subprocess>0</Subprocess>
      <Category>5</Category>
      <Mode>0</Mode>
      <Scope>4</Scope>
      <OnDemand>0</OnDemand>
      <TriggerOnCreate>0</TriggerOnCreate>
      <TriggerOnDelete>0</TriggerOnDelete>
      <AsyncAutodelete>0</AsyncAutodelete>
      <SyncWorkflowLogOnFailure>0</SyncWorkflowLogOnFailure>
      <StateCode>1</StateCode>
      <StatusCode>2</StatusCode>
      <RunAs>1</RunAs>
      <IsTransacted>1</IsTransacted>
      <IntroducedVersion>1.0.0.0</IntroducedVersion>
      <IsCustomizable>1</IsCustomizable>
      <IsCustomProcessingStepAllowedForOtherPublishers>1</IsCustomProcessingStepAllowedForOtherPublishers>
      <PrimaryEntity>none</PrimaryEntity>
      <LocalizedNames>
        <LocalizedName languagecode="1033" description="Provisioning Request Approval" />
      </LocalizedNames>
    </Workflow>
  </Workflows>
  <FieldSecurityProfiles></FieldSecurityProfiles>
  <Templates />
  <EntityMaps />
  <EntityRelationships />
  <OrganizationSettings />
  <optionsets />
  <CustomControls />
  <EntityDataProviders />
  <CanvasApps>
    <CanvasApp>
      <Name>msftprov_provisionassist_6b29f</Name>
      <AppVersion>2023-10-12T08:43:31Z</AppVersion>
      <Status>Ready</Status>
      <CreatedByClientVersion>3.23094.31.0</CreatedByClientVersion>
      <MinClientVersion>3.23094.31.0</MinClientVersion>
      <Tags>{"primaryDeviceWidth":"1366","primaryDeviceHeight":"768","sienaVersion":"20231011T160950Z-3.23093.27.0","deviceCapabilities":"","supportsPortrait":"true","supportsLandscape":"true","primaryFormFactor":"Tablet","publisherVersion":"3.23094.31","minimumRequiredApiVersion":"2.2.0","hasComponent":"true","hasNonOOBComponent":"true","hasUnlockedComponent":"true","isUnifiedRootApp":"false","showStatusBar":"false"}</Tags>
      <IsCdsUpgraded>0</IsCdsUpgraded>
      <GalleryItemId xsi:nil="true"></GalleryItemId>
      <BackgroundColor>rgba(1, 131, 134, 1)</BackgroundColor>
      <DisplayName>Provision Assist</DisplayName>
      <Description>Provision Assist is an app that allows users to request collaboration spaces in Microsoft 365.</Description>
      <CommitMessage xsi:nil="true"></CommitMessage>
      <Publisher></Publisher>
      <AuthorizationReferences>[]</AuthorizationReferences>
      <ConnectionReferences>{"d1b3e3ba-3495-4c78-9688-a62e2d62a897":{"id":"/providers/microsoft.powerapps/apis/shared_office365groups","displayName":"Office 365 Groups","iconUri":"https://connectoricons-prod.azureedge.net/releases/v1.0.1654/1.0.1654.3410/office365groups/icon.png","dataSources":["Office365Groups"],"dependencies":[],"dependents":["42433bb5-44bc-43d5-8306-baffa76432a1"],"parameterHints":{},"parameterHintsV2":{},"isOnPremiseConnection":false,"bypassConsent":false,"dataSets":{},"apiTier":"Standard","actions":["ListGroupMembers"]},"42433bb5-44bc-43d5-8306-baffa76432a1":{"id":"/providers/microsoft.powerapps/apis/shared_logicflows","displayName":"Logic flows","iconUri":"https://connectoricons-prod.azureedge.net/releases/v1.0.1653/1.0.1653.3403/logicflows/icon.png","dataSources":["CheckSpaceAvailability"],"dependencies":["d1b3e3ba-3495-4c78-9688-a62e2d62a897","b1988a28-9dd0-415e-ad0b-1d837ff76fa0","34e7b7d6-8f30-47cc-8d5e-fba79572bc1c"],"dependents":[],"parameterHints":{"workflowName":{"value":"f3e33bef-9a24-48ee-b5e1-12e56178bc24"},"workflowEntityId":{"value":"4241e9be-9000-ee11-8f6c-002248c6b93d"},"d1b3e3ba-3495-4c78-9688-a62e2d62a897":{"value":"shared_office365groups_1"},"b1988a28-9dd0-415e-ad0b-1d837ff76fa0":{"value":"shared_sharepointonline_1"},"34e7b7d6-8f30-47cc-8d5e-fba79572bc1c":{"value":"shared_sharepointonline_2"}},"parameterHintsV2":{"workflowName":{"value":"f3e33bef-9a24-48ee-b5e1-12e56178bc24"},"workflowEntityId":{"value":"4241e9be-9000-ee11-8f6c-002248c6b93d"},"shared_office365groups_1":{"value":"d1b3e3ba-3495-4c78-9688-a62e2d62a897"},"shared_sharepointonline_1":{"value":"b1988a28-9dd0-415e-ad0b-1d837ff76fa0"},"shared_sharepointonline_2":{"value":"34e7b7d6-8f30-47cc-8d5e-fba79572bc1c"}},"isOnPremiseConnection":false,"bypassConsent":false,"dataSets":{},"apiTier":"Standard","actions":["Run"]},"b1988a28-9dd0-415e-ad0b-1d837ff76fa0":{"id":"/providers/microsoft.powerapps/apis/shared_sharepointonline","displayName":"SharePoint","iconUri":"https://connectoricons-prod.azureedge.net/releases/v1.0.1656/1.0.1656.3432/sharepointonline/icon.png","dataSources":["Retention Labels List","Hub Sites List","Provisioning Request Settings list","Provisioning Requests List","Teams Templates List","IP Labels List","Locales List","Time Zones list","Recommendation Scoring List","Site Templates List","Provisioning Types List"],"dependencies":[],"dependents":["42433bb5-44bc-43d5-8306-baffa76432a1"],"parameterHints":{},"parameterHintsV2":{},"isOnPremiseConnection":false,"bypassConsent":false,"dataSets":{"https://m365x82190967.sharepoint.com/sites/ProvisionAssistDP_msftprov_ProvisionAssistSPOSite":{"datasetOverride":{"name":"https://m365x82190967.sharepoint.com/sites/ProvisionAssistDP","environmentVariableName":"msftprov_ProvisionAssistSPOSite"},"dataSources":{"Retention Labels List":{"tableName":"bceebcec-8f75-4737-a14e-3e761300016b","tableNameOverride":{"name":"bceebcec-8f75-4737-a14e-3e761300016b","environmentVariableName":"msftprov_RetentionLabelsList"}},"Hub Sites List":{"tableName":"e5f9cd1f-b75a-443c-85e8-f70d40ac0a73","tableNameOverride":{"name":"e5f9cd1f-b75a-443c-85e8-f70d40ac0a73","environmentVariableName":"msftprov_HubSitesList"}},"Provisioning Request Settings list":{"tableName":"242f8aaa-f993-4a73-b15c-71bec83494df","tableNameOverride":{"name":"242f8aaa-f993-4a73-b15c-71bec83494df","environmentVariableName":"msftprov_ProvisioningRequestSettingslist"}},"Provisioning Requests List":{"tableName":"c02f9c0d-2bea-456a-ad28-ae982cc532f4","tableNameOverride":{"name":"c02f9c0d-2bea-456a-ad28-ae982cc532f4","environmentVariableName":"msftprov_ProvisioningRequestsList"}},"Teams Templates List":{"tableName":"72ebe770-e84f-47e7-b2ee-01c242289c11","tableNameOverride":{"name":"72ebe770-e84f-47e7-b2ee-01c242289c11","environmentVariableName":"msftprov_TeamsTemplatesList"}},"IP Labels List":{"tableName":"e8316b6d-0a8b-49f7-ad82-19377bd02448","tableNameOverride":{"name":"e8316b6d-0a8b-49f7-ad82-19377bd02448","environmentVariableName":"msftprov_IPLabelsList"}},"Locales List":{"tableName":"fc2ff007-355f-4236-9c3f-7edc483bba46","tableNameOverride":{"name":"fc2ff007-355f-4236-9c3f-7edc483bba46","environmentVariableName":"msftprov_LocalesList"}},"Time Zones list":{"tableName":"c469bed1-609f-4ce1-8d28-f6d1c6430d56","tableNameOverride":{"name":"c469bed1-609f-4ce1-8d28-f6d1c6430d56","environmentVariableName":"msftprov_TimeZoneslist"}},"Recommendation Scoring List":{"tableName":"bc2d723e-3ed3-40b5-aa87-887164e3f705","tableNameOverride":{"name":"bc2d723e-3ed3-40b5-aa87-887164e3f705","environmentVariableName":"msftprov_RecommendationScoringList"}},"Site Templates List":{"tableName":"2b799ed9-9ec8-40ee-a4c3-ca736131f35f","tableNameOverride":{"name":"2b799ed9-9ec8-40ee-a4c3-ca736131f35f","environmentVariableName":"msftprov_SiteTemplatesList"}},"Provisioning Types List":{"tableName":"a02eb47d-812a-4c4c-b60b-bd6c968613c3","tableNameOverride":{"name":"a02eb47d-812a-4c4c-b60b-bd6c968613c3","environmentVariableName":"msftprov_ProvisioningTypesList"}}}}},"apiTier":"Standard","actions":["providers/PowerPlatform.Governance/Operations/Read","providers/PowerPlatform.Governance/Operations/Write","providers/PowerPlatform.Governance/Operations/Delete"]},"34e7b7d6-8f30-47cc-8d5e-fba79572bc1c":{"id":"/providers/microsoft.powerapps/apis/shared_sharepointonline","displayName":"SharePoint","iconUri":"https://connectoricons-prod.azureedge.net/releases/v1.0.1656/1.0.1656.3432/sharepointonline/icon.png","dataSources":[],"dependencies":[],"dependents":["42433bb5-44bc-43d5-8306-baffa76432a1"],"parameterHints":{},"parameterHintsV2":{},"isOnPremiseConnection":false,"bypassConsent":false,"dataSets":{},"apiTier":"Standard"},"574758c0-d601-4baa-a10a-debb423e06af":{"id":"/providers/microsoft.powerapps/apis/shared_office365users","displayName":"Office 365 Users","iconUri":"https://connectoricons-prod.azureedge.net/u/henryorsborn/partial-builds/asev3migrations-with-resourceTemplate/1.0.1653.3403/office365users/icon.png","dataSources":["Office365Users"],"dependencies":[],"dependents":[],"parameterHints":{},"parameterHintsV2":{},"isOnPremiseConnection":false,"bypassConsent":false,"dataSets":{},"apiTier":"Standard","actions":["MyProfile","UserPhotoV2","MyProfileV2"]}}</ConnectionReferences>
      <DatabaseReferences>{}</DatabaseReferences>
      <AppComponents>[]</AppComponents>
      <AppComponentDependencies>[]</AppComponentDependencies>
      <CanConsumeAppPass>1</CanConsumeAppPass>
      <CanvasAppType>0</CanvasAppType>
      <BypassConsent>0</BypassConsent>
      <AdminControlBypassConsent>0</AdminControlBypassConsent>
      <EmbeddedApp xsi:nil="true"></EmbeddedApp>
      <IntroducedVersion>1.0</IntroducedVersion>
      <CdsDependencies>{"cdsdependencies":[{"dependencyid":"4241e9be-9000-ee11-8f6c-002248c6b93d","componenttype":29,"componenttypeplatformname":"Workflow"},{"logicalname":"msftprov_ProvisionAssistSPOSite","componenttype":380,"componenttypeplatformname":"EnvironmentVariableDefinition"},{"logicalname":"msftprov_RetentionLabelsList","componenttype":380,"componenttypeplatformname":"EnvironmentVariableDefinition"},{"logicalname":"msftprov_HubSitesList","componenttype":380,"componenttypeplatformname":"EnvironmentVariableDefinition"},{"logicalname":"msftprov_ProvisioningRequestSettingslist","componenttype":380,"componenttypeplatformname":"EnvironmentVariableDefinition"},{"logicalname":"msftprov_ProvisioningRequestsList","componenttype":380,"componenttypeplatformname":"EnvironmentVariableDefinition"},{"logicalname":"msftprov_TeamsTemplatesList","componenttype":380,"componenttypeplatformname":"EnvironmentVariableDefinition"},{"logicalname":"msftprov_IPLabelsList","componenttype":380,"componenttypeplatformname":"EnvironmentVariableDefinition"},{"logicalname":"msftprov_LocalesList","componenttype":380,"componenttypeplatformname":"EnvironmentVariableDefinition"},{"logicalname":"msftprov_TimeZoneslist","componenttype":380,"componenttypeplatformname":"EnvironmentVariableDefinition"},{"logicalname":"msftprov_RecommendationScoringList","componenttype":380,"componenttypeplatformname":"EnvironmentVariableDefinition"},{"logicalname":"msftprov_SiteTemplatesList","componenttype":380,"componenttypeplatformname":"EnvironmentVariableDefinition"},{"logicalname":"msftprov_ProvisioningTypesList","componenttype":380,"componenttypeplatformname":"EnvironmentVariableDefinition"}]}</CdsDependencies>
      <IsCustomizable>1</IsCustomizable>
      <BackgroundImageUri>/CanvasApps/msftprov_provisionassist_6b29f_BackgroundImageUri</BackgroundImageUri>
      <DocumentUri>/CanvasApps/msftprov_provisionassist_6b29f_DocumentUri.msapp</DocumentUri>
    </CanvasApp>
  </CanvasApps>
  <connectionreferences>
    <connectionreference connectionreferencelogicalname="msftprov_ApprovalsConnection">
      <connectionreferencedisplayname>Approvals Connection</connectionreferencedisplayname>
      <connectorid>/providers/Microsoft.PowerApps/apis/shared_approvals</connectorid>
      <description>Approvals Connection</description>
      <iscustomizable>1</iscustomizable>
      <statecode>0</statecode>
      <statuscode>1</statuscode>
    </connectionreference>
    <connectionreference connectionreferencelogicalname="msftprov_Office365GroupsConnection">
      <connectionreferencedisplayname>Office 365 Groups Connection</connectionreferencedisplayname>
      <connectorid>/providers/Microsoft.PowerApps/apis/shared_office365groups</connectorid>
      <description>Office 365 Groups Connection</description>
      <iscustomizable>1</iscustomizable>
      <statecode>0</statecode>
      <statuscode>1</statuscode>
    </connectionreference>
    <connectionreference connectionreferencelogicalname="msftprov_Office365OutlookConnection">
      <connectionreferencedisplayname>Office 365 Outlook Connection</connectionreferencedisplayname>
      <connectorid>/providers/Microsoft.PowerApps/apis/shared_office365</connectorid>
      <description>Office 365 Outlook Connection</description>
      <iscustomizable>1</iscustomizable>
      <statecode>0</statecode>
      <statuscode>1</statuscode>
    </connectionreference>
    <connectionreference connectionreferencelogicalname="msftprov_SharePointConnection">
      <connectionreferencedisplayname>SharePoint Connection</connectionreferencedisplayname>
      <connectorid>/providers/Microsoft.PowerApps/apis/shared_sharepointonline</connectorid>
      <description>Connection to SharePoint</description>
      <iscustomizable>1</iscustomizable>
      <statecode>0</statecode>
      <statuscode>1</statuscode>
    </connectionreference>
    <connectionreference connectionreferencelogicalname="msftprov_TeamsConnection">
      <connectionreferencedisplayname>Teams Connection</connectionreferencedisplayname>
      <connectorid>/providers/Microsoft.PowerApps/apis/shared_teams</connectorid>
      <description>Microsoft Teams Connection</description>
      <iscustomizable>1</iscustomizable>
      <statecode>0</statecode>
      <statuscode>1</statuscode>
    </connectionreference>
  </connectionreferences>
  <Languages>
    <Language>1033</Language>
  </Languages>
</ImportExportXml>