<ImportExportXml xmlns:xsi="http://www.w3.org/2001/XMLSchema-instance">
  <Entities></Entities>
  <Roles></Roles>
  <Workflows>
    <Workflow WorkflowId="{8a4c9c7d-2301-ee11-8f6c-002248c6b93d}" Name="Provisioning Request Approval">
      <JsonFileName>/Workflows/ProvisioningRequestApproval-8A4C9C7D-2301-EE11-8F6C-002248C6B93D.json</JsonFileName>
      <Type>1</Type>
      <Subprocess>0</Subprocess>
      <Category>5</Category>
      <Mode>0</Mode>
      <Scope>4</Scope>
      <OnDemand>0</OnDemand>
      <TriggerOnCreate>0</TriggerOnCreate>
      <TriggerOnDelete>0</TriggerOnDelete>
      <AsyncAutodelete>0</AsyncAutodelete>
      <SyncWorkflowLogOnFailure>0</SyncWorkflowLogOnFailure>
      <StateCode>0</StateCode>
      <StatusCode>1</StatusCode>
      <RunAs>1</RunAs>
      <IsTransacted>1</IsTransacted>
      <IntroducedVersion>1.0.0.0</IntroducedVersion>
      <IsCustomizable>1</IsCustomizable>
      <IsCustomProcessingStepAllowedForOtherPublishers>1</IsCustomProcessingStepAllowedForOtherPublishers>
      <PrimaryEntity>none</PrimaryEntity>
      <LocalizedNames>
        <LocalizedName languagecode="1033" description="Provisioning Request Approval" />
      </LocalizedNames>
    </Workflow>
    <Workflow WorkflowId="{4241e9be-9000-ee11-8f6c-002248c6b93d}" Name="Check Space Availability">
      <JsonFileName>/Workflows/CheckSpaceAvailability-4241E9BE-9000-EE11-8F6C-002248C6B93D.json</JsonFileName>
      <Type>1</Type>
      <Subprocess>0</Subprocess>
      <Category>5</Category>
      <Mode>0</Mode>
      <Scope>4</Scope>
      <OnDemand>0</OnDemand>
      <TriggerOnCreate>0</TriggerOnCreate>
      <TriggerOnDelete>0</TriggerOnDelete>
      <AsyncAutodelete>0</AsyncAutodelete>
      <SyncWorkflowLogOnFailure>0</SyncWorkflowLogOnFailure>
      <StateCode>1</StateCode>
      <StatusCode>2</StatusCode>
      <RunAs>1</RunAs>
      <IsTransacted>1</IsTransacted>
      <IntroducedVersion>1.0.0.0</IntroducedVersion>
      <IsCustomizable>1</IsCustomizable>
      <IsCustomProcessingStepAllowedForOtherPublishers>1</IsCustomProcessingStepAllowedForOtherPublishers>
      <PrimaryEntity>none</PrimaryEntity>
      <LocalizedNames>
        <LocalizedName languagecode="1033" description="Check Space Availability" />
      </LocalizedNames>
    </Workflow>
  </Workflows>
  <FieldSecurityProfiles></FieldSecurityProfiles>
  <Templates />
  <EntityMaps />
  <EntityRelationships />
  <OrganizationSettings />
  <optionsets />
  <CustomControls />
  <EntityDataProviders />
  <CanvasApps>
    <CanvasApp>
      <Name>msftprov_provisionassist_6b29f</Name>
      <AppVersion>2023-12-13T10:58:20Z</AppVersion>
      <Status>Ready</Status>
      <CreatedByClientVersion>3.23114.25.0</CreatedByClientVersion>
      <MinClientVersion>3.23114.25.0</MinClientVersion>
      <Tags>{"primaryDeviceWidth":"1366","primaryDeviceHeight":"768","sienaVersion":"20231212T223050Z-3.23114.24.0","deviceCapabilities":"","supportsPortrait":"true","supportsLandscape":"true","primaryFormFactor":"Tablet","publisherVersion":"3.23114.25","minimumRequiredApiVersion":"2.2.0","hasComponent":"true","hasNonOOBComponent":"true","hasUnlockedComponent":"true","isUnifiedRootApp":"false","showStatusBar":"false","offlineLargeFilesSupport":"false"}</Tags>
      <IsCdsUpgraded>0</IsCdsUpgraded>
      <GalleryItemId xsi:nil="true"></GalleryItemId>
      <BackgroundColor>rgba(1, 131, 134, 1)</BackgroundColor>
      <DisplayName>Provision Assist</DisplayName>
      <Description>Provision Assist is an app that allows users to request collaboration spaces in Microsoft 365.</Description>
      <CommitMessage xsi:nil="true"></CommitMessage>
      <Publisher></Publisher>
      <AuthorizationReferences>[]</AuthorizationReferences>
      <ConnectionReferences>{"d1b3e3ba-3495-4c78-9688-a62e2d62a897":{"id":"/providers/microsoft.powerapps/apis/shared_office365groups","displayName":"Office 365 Groups","iconUri":"https://connectoricons-prod.azureedge.net/releases/v1.0.1664/1.0.1664.3477/office365groups/icon.png","dataSources":["Office365Groups"],"dependencies":[],"dependents":["42433bb5-44bc-43d5-8306-baffa76432a1"],"parameterHints":{},"parameterHintsV2":{},"isOnPremiseConnection":false,"bypassConsent":false,"dataSets":{},"apiTier":"Standard","actions":["ListGroupMembers"]},"42433bb5-44bc-43d5-8306-baffa76432a1":{"id":"/providers/microsoft.powerapps/apis/shared_logicflows","displayName":"Logic flows","iconUri":"https://connectoricons-prod.azureedge.net/releases/v1.0.1664/1.0.1664.3477/logicflows/icon.png","dataSources":["CheckSpaceAvailability"],"dependencies":["d1b3e3ba-3495-4c78-9688-a62e2d62a897","b1988a28-9dd0-415e-ad0b-1d837ff76fa0","34e7b7d6-8f30-47cc-8d5e-fba79572bc1c"],"dependents":[],"parameterHints":{"workflowName":{"value":"78973d55-d1bc-4dcd-b28c-c0942ad9d8e6"},"workflowEntityId":{"value":"4241e9be-9000-ee11-8f6c-002248c6b93d"},"d1b3e3ba-3495-4c78-9688-a62e2d62a897":{"value":"shared_office365groups_1"},"b1988a28-9dd0-415e-ad0b-1d837ff76fa0":{"value":"shared_sharepointonline_1"},"34e7b7d6-8f30-47cc-8d5e-fba79572bc1c":{"value":"shared_sharepointonline_2"}},"parameterHintsV2":{"workflowName":{"value":"78973d55-d1bc-4dcd-b28c-c0942ad9d8e6"},"workflowEntityId":{"value":"4241e9be-9000-ee11-8f6c-002248c6b93d"},"shared_office365groups_1":{"value":"d1b3e3ba-3495-4c78-9688-a62e2d62a897"},"shared_sharepointonline_1":{"value":"b1988a28-9dd0-415e-ad0b-1d837ff76fa0"},"shared_sharepointonline_2":{"value":"34e7b7d6-8f30-47cc-8d5e-fba79572bc1c"}},"isOnPremiseConnection":false,"bypassConsent":false,"dataSets":{},"apiTier":"Standard","actions":["Run"]},"b1988a28-9dd0-415e-ad0b-1d837ff76fa0":{"id":"/providers/microsoft.powerapps/apis/shared_sharepointonline","displayName":"SharePoint","iconUri":"https://connectoricons-prod.azureedge.net/releases/v1.0.1664/1.0.1664.3477/sharepointonline/icon.png","dataSources":["Retention Labels List","Provisioning Request Settings list","Provisioning Requests List","Teams Templates List","IP Labels List","Locales List","Time Zones list","Recommendation Scoring List","Hub Sites List","Provisioning Types List","Site Templates List"],"dependencies":[],"dependents":["42433bb5-44bc-43d5-8306-baffa76432a1"],"parameterHints":{},"parameterHintsV2":{},"isOnPremiseConnection":false,"bypassConsent":false,"dataSets":{"https://m365x82190967.sharepoint.com/sites/ProvisionAssistDP_msftprov_ProvisionAssistSPOSite":{"datasetOverride":{"name":"https://m365x98525433.sharepoint.com/sites/provisionassist","environmentVariableName":"msftprov_ProvisionAssistSPOSite"},"dataSources":{"Retention Labels List":{"tableName":"bceebcec-8f75-4737-a14e-3e761300016b","tableNameOverride":{"name":"4c491876-6a67-4703-bb53-93c39bcbb506","environmentVariableName":"msftprov_RetentionLabelsList"}},"Provisioning Request Settings list":{"tableName":"242f8aaa-f993-4a73-b15c-71bec83494df","tableNameOverride":{"name":"bccbd15b-bcac-4bf8-b500-2cfd27db5f85","environmentVariableName":"msftprov_ProvisioningRequestSettingslist"}},"Provisioning Requests List":{"tableName":"c02f9c0d-2bea-456a-ad28-ae982cc532f4","tableNameOverride":{"name":"28446b2f-830e-4d93-a6a9-d1d271bc8e93","environmentVariableName":"msftprov_ProvisioningRequestsList"}},"Teams Templates List":{"tableName":"72ebe770-e84f-47e7-b2ee-01c242289c11","tableNameOverride":{"name":"f494bbda-f838-4e8e-8222-5223cfe81983","environmentVariableName":"msftprov_TeamsTemplatesList"}},"IP Labels List":{"tableName":"e8316b6d-0a8b-49f7-ad82-19377bd02448","tableNameOverride":{"name":"caba75fa-7abb-4647-adfa-3d9da39e46a7","environmentVariableName":"msftprov_IPLabelsList"}},"Locales List":{"tableName":"fc2ff007-355f-4236-9c3f-7edc483bba46","tableNameOverride":{"name":"dd9f0a13-e155-446e-9857-44e1d062fc64","environmentVariableName":"msftprov_LocalesList"}},"Time Zones list":{"tableName":"c469bed1-609f-4ce1-8d28-f6d1c6430d56","tableNameOverride":{"name":"ca74ebaf-cf42-4773-8e27-f4254a46834c","environmentVariableName":"msftprov_TimeZoneslist"}},"Recommendation Scoring List":{"tableName":"bc2d723e-3ed3-40b5-aa87-887164e3f705","tableNameOverride":{"name":"6bc10841-586e-4626-9960-b20dea109711","environmentVariableName":"msftprov_RecommendationScoringList"}}}},"https://m365x98525433.sharepoint.com/sites/provisionassist_msftprov_ProvisionAssistSPOSite":{"datasetOverride":{"name":"https://m365x98525433.sharepoint.com/sites/provisionassist","environmentVariableName":"msftprov_ProvisionAssistSPOSite"},"dataSources":{"Hub Sites List":{"tableName":"5fc4a73e-5cf7-438b-bb14-32fd710808af","tableNameOverride":{"name":"5fc4a73e-5cf7-438b-bb14-32fd710808af","environmentVariableName":"msftprov_HubSitesList"}},"Provisioning Types List":{"tableName":"0a019070-4b6b-4934-91f1-79c488f441e9","tableNameOverride":{"name":"0a019070-4b6b-4934-91f1-79c488f441e9","environmentVariableName":"msftprov_ProvisioningTypesList"}},"Site Templates List":{"tableName":"2049feb1-f977-4f8f-98bd-201b63a48591","tableNameOverride":{"name":"2049feb1-f977-4f8f-98bd-201b63a48591","environmentVariableName":"msftprov_SiteTemplatesList"}}}}},"apiTier":"Standard","actions":["providers/PowerPlatform.Governance/Operations/Read","providers/PowerPlatform.Governance/Operations/Write","providers/PowerPlatform.Governance/Operations/Delete"]},"34e7b7d6-8f30-47cc-8d5e-fba79572bc1c":{"id":"/providers/microsoft.powerapps/apis/shared_sharepointonline","displayName":"SharePoint","iconUri":"https://connectoricons-prod.azureedge.net/releases/v1.0.1664/1.0.1664.3477/sharepointonline/icon.png","dataSources":[],"dependencies":[],"dependents":["42433bb5-44bc-43d5-8306-baffa76432a1"],"parameterHints":{},"parameterHintsV2":{},"isOnPremiseConnection":false,"bypassConsent":false,"dataSets":{},"apiTier":"Standard"},"574758c0-d601-4baa-a10a-debb423e06af":{"id":"/providers/microsoft.powerapps/apis/shared_office365users","displayName":"Office 365 Users","iconUri":"https://connectoricons-prod.azureedge.net/releases/v1.0.1664/1.0.1664.3477/office365users/icon.png","dataSources":["Office365Users"],"dependencies":[],"dependents":[],"parameterHints":{},"parameterHintsV2":{},"isOnPremiseConnection":false,"bypassConsent":false,"dataSets":{},"apiTier":"Standard","actions":["MyProfile","UserPhotoV2","MyProfileV2"]}}</ConnectionReferences>
      <DatabaseReferences>{}</DatabaseReferences>
      <AppComponents>[]</AppComponents>
      <AppComponentDependencies>[]</AppComponentDependencies>
      <CanConsumeAppPass>1</CanConsumeAppPass>
      <CanvasAppType>0</CanvasAppType>
      <BypassConsent>0</BypassConsent>
      <AdminControlBypassConsent>0</AdminControlBypassConsent>
      <EmbeddedApp xsi:nil="true"></EmbeddedApp>
      <IntroducedVersion>1.0</IntroducedVersion>
      <CdsDependencies>{"cdsdependencies":[{"dependencyid":"4241e9be-9000-ee11-8f6c-002248c6b93d","componenttype":29,"componenttypeplatformname":"Workflow"},{"logicalname":"msftprov_ProvisionAssistSPOSite","componenttype":380,"componenttypeplatformname":"EnvironmentVariableDefinition"},{"logicalname":"msftprov_RetentionLabelsList","componenttype":380,"componenttypeplatformname":"EnvironmentVariableDefinition"},{"logicalname":"msftprov_ProvisioningRequestSettingslist","componenttype":380,"componenttypeplatformname":"EnvironmentVariableDefinition"},{"logicalname":"msftprov_ProvisioningRequestsList","componenttype":380,"componenttypeplatformname":"EnvironmentVariableDefinition"},{"logicalname":"msftprov_TeamsTemplatesList","componenttype":380,"componenttypeplatformname":"EnvironmentVariableDefinition"},{"logicalname":"msftprov_IPLabelsList","componenttype":380,"componenttypeplatformname":"EnvironmentVariableDefinition"},{"logicalname":"msftprov_LocalesList","componenttype":380,"componenttypeplatformname":"EnvironmentVariableDefinition"},{"logicalname":"msftprov_TimeZoneslist","componenttype":380,"componenttypeplatformname":"EnvironmentVariableDefinition"},{"logicalname":"msftprov_RecommendationScoringList","componenttype":380,"componenttypeplatformname":"EnvironmentVariableDefinition"},{"logicalname":"msftprov_HubSitesList","componenttype":380,"componenttypeplatformname":"EnvironmentVariableDefinition"},{"logicalname":"msftprov_ProvisioningTypesList","componenttype":380,"componenttypeplatformname":"EnvironmentVariableDefinition"},{"logicalname":"msftprov_SiteTemplatesList","componenttype":380,"componenttypeplatformname":"EnvironmentVariableDefinition"}]}</CdsDependencies>
      <IsCustomizable>1</IsCustomizable>
      <BackgroundImageUri>/CanvasApps/msftprov_provisionassist_6b29f_BackgroundImageUri</BackgroundImageUri>
      <DocumentUri>/CanvasApps/msftprov_provisionassist_6b29f_DocumentUri.msapp</DocumentUri>
      <AdditionalUris>
        <AdditionalUri>/CanvasApps/msftprov_provisionassist_6b29f_AdditionalUris0_identity.json</AdditionalUri>
      </AdditionalUris>
    </CanvasApp>
  </CanvasApps>
  <connectionreferences>
    <connectionreference connectionreferencelogicalname="msftprov_ApprovalsConnection">
      <connectionreferencedisplayname>Approvals Connection</connectionreferencedisplayname>
      <connectorid>/providers/Microsoft.PowerApps/apis/shared_approvals</connectorid>
      <description>Approvals Connection</description>
      <iscustomizable>1</iscustomizable>
      <statecode>0</statecode>
      <statuscode>1</statuscode>
    </connectionreference>
    <connectionreference connectionreferencelogicalname="msftprov_Office365GroupsConnection">
      <connectionreferencedisplayname>Office 365 Groups Connection</connectionreferencedisplayname>
      <connectorid>/providers/Microsoft.PowerApps/apis/shared_office365groups</connectorid>
      <description>Office 365 Groups Connection</description>
      <iscustomizable>1</iscustomizable>
      <statecode>0</statecode>
      <statuscode>1</statuscode>
    </connectionreference>
    <connectionreference connectionreferencelogicalname="msftprov_Office365OutlookConnection">
      <connectionreferencedisplayname>Office 365 Outlook Connection</connectionreferencedisplayname>
      <connectorid>/providers/Microsoft.PowerApps/apis/shared_office365</connectorid>
      <description>Office 365 Outlook Connection</description>
      <iscustomizable>1</iscustomizable>
      <statecode>0</statecode>
      <statuscode>1</statuscode>
    </connectionreference>
    <connectionreference connectionreferencelogicalname="msftprov_SharePointConnection">
      <connectionreferencedisplayname>SharePoint Connection</connectionreferencedisplayname>
      <connectorid>/providers/Microsoft.PowerApps/apis/shared_sharepointonline</connectorid>
      <description>Connection to SharePoint</description>
      <iscustomizable>1</iscustomizable>
      <statecode>0</statecode>
      <statuscode>1</statuscode>
    </connectionreference>
    <connectionreference connectionreferencelogicalname="msftprov_TeamsConnection">
      <connectionreferencedisplayname>Teams Connection</connectionreferencedisplayname>
      <connectorid>/providers/Microsoft.PowerApps/apis/shared_teams</connectorid>
      <description>Microsoft Teams Connection</description>
      <iscustomizable>1</iscustomizable>
      <statecode>0</statecode>
      <statuscode>1</statuscode>
    </connectionreference>
  </connectionreferences>
  <Languages>
    <Language>1033</Language>
  </Languages>
</ImportExportXml>