<environmentvariabledefinition schemaname="msftprov_ProvisionAssistSPOSite">
  <apiid>/providers/microsoft.powerapps/apis/shared_sharepointonline</apiid>
  <description default="SharePoint site for Provision Assist">
    <label description="SharePoint site for Provision Assist" languagecode="1033" />
  </description>
  <displayname default="Provision Assist SPO Site">
    <label description="Provision Assist SPO Site" languagecode="1033" />
  </displayname>
  <introducedversion>1.0.0.0</introducedversion>
  <iscustomizable>1</iscustomizable>
  <isrequired>0</isrequired>
  <parameterkey>dataset</parameterkey>
  <secretstore>0</secretstore>
  <type>100000004</type>
</environmentvariabledefinition>