{
  "properties": {
    "connectionReferences": {
      "shared_office365groups_1": {
        "runtimeSource": "embedded",
        "connection": {
          "connectionReferenceLogicalName": "msftprov_Office365GroupsConnection"
        },
        "api": {
          "name": "shared_office365groups"
        }
      },
      "shared_sharepointonline_2": {
        "runtimeSource": "embedded",
        "connection": {
          "connectionReferenceLogicalName": "msftprov_SharePointConnection"
        },
        "api": {
          "name": "shared_sharepointonline"
        }
      }
    },
    "definition": {
      "$schema": "https://schema.management.azure.com/providers/Microsoft.Logic/schemas/2016-06-01/workflowdefinition.json#",
      "contentVersion": "1.0.0.0",
      "parameters": {
        "$connections": {
          "defaultValue": {},
          "type": "Object"
        },
        "$authentication": {
          "defaultValue": {},
          "type": "SecureObject"
        },
        "Provision Assist SPO Site (msftprov_ProvisionAssistSPOSite)": {
          "defaultValue": "https://m365x54968485.sharepoint.com/sites/ProvisionAssist",
          "type": "String",
          "metadata": {
            "schemaName": "msftprov_ProvisionAssistSPOSite",
            "description": "SharePoint site for Provision Assist"
          }
        },
        "Provisioning Requests List (msftprov_ProvisioningRequestsList)": {
          "defaultValue": "bebaaeac-2393-4971-af7a-5793ed84f89f",
          "type": "String",
          "metadata": {
            "schemaName": "msftprov_ProvisioningRequestsList",
            "description": "Provision Assist Requests list"
          }
        }
      },
      "triggers": {
        "manual": {
          "metadata": {
            "operationMetadataId": "31258a93-7049-477f-b5ce-d0d1d59fb09c"
          },
          "type": "Request",
          "kind": "PowerAppV2",
          "inputs": {
            "schema": {
              "type": "object",
              "properties": {
                "text": {
                  "title": "AreaType",
                  "type": "string",
                  "x-ms-dynamically-added": true,
                  "description": "Please enter your input",
                  "x-ms-content-hint": "TEXT"
                },
                "text_1": {
                  "title": "MailboxAlias",
                  "type": "string",
                  "x-ms-dynamically-added": true,
                  "description": "Please enter your input",
                  "x-ms-content-hint": "TEXT"
                },
                "text_2": {
                  "title": "SiteURL",
                  "type": "string",
                  "x-ms-dynamically-added": true,
                  "description": "Please enter your input",
                  "x-ms-content-hint": "TEXT"
                },
                "text_3": {
                  "title": "CreatedByUPN",
                  "type": "string",
                  "x-ms-dynamically-added": true,
                  "description": "Please enter your input",
                  "x-ms-content-hint": "TEXT"
                },
                "text_4": {
                  "title": "SiteDisplayName",
                  "type": "string",
                  "x-ms-dynamically-added": true,
                  "description": "Please enter your input",
                  "x-ms-content-hint": "TEXT"
                }
              },
              "required": [
                "text",
                "text_1",
                "text_2",
                "text_3",
                "text_4"
              ]
            }
          }
        }
      },
      "actions": {
        "Check_area_type": {
          "actions": {
            "Get_group": {
              "runAfter": {},
              "metadata": {
                "operationMetadataId": "66ca2883-42c6-42a7-aa76-8b318c617522"
              },
              "type": "OpenApiConnection",
              "inputs": {
                "host": {
                  "apiId": "/providers/Microsoft.PowerApps/apis/shared_office365groups",
                  "connectionName": "shared_office365groups_1",
                  "operationId": "HttpRequest"
                },
                "parameters": {
                  "Uri": "https://graph.microsoft.com/v1.0/groups?$filter=mailNickname eq '@{triggerBody()['text_1']}' or displayName eq '@{triggerBody()['text_4']}'",
                  "Method": "GET",
                  "ContentType": "application/json"
                },
                "authentication": "@parameters('$authentication')"
              }
            },
            "Check_if_group_exists": {
              "actions": {
                "Set_SiteExists_variable_-_group_found": {
                  "runAfter": {},
                  "metadata": {
                    "operationMetadataId": "1e70c50c-60c3-4d97-8174-bb3d16ae35c5"
                  },
                  "type": "SetVariable",
                  "inputs": {
                    "name": "SiteExists",
                    "value": "@true"
                  }
                }
              },
              "runAfter": {
                "Parse_get_group_JSON": [
                  "Succeeded"
                ]
              },
              "expression": {
                "greater": [
                  "@length(body('Parse_get_group_JSON')?['value'])",
                  0
                ]
              },
              "metadata": {
                "operationMetadataId": "b9b7eaa9-8cad-49df-a4cd-485c846f6f90"
              },
              "type": "If"
            },
            "Parse_get_group_JSON": {
              "runAfter": {
                "Get_group": [
                  "Succeeded"
                ]
              },
              "metadata": {
                "operationMetadataId": "6521cf05-42f6-4b68-838c-b38a29b8b2df"
              },
              "type": "ParseJson",
              "inputs": {
                "content": "@body('Get_group')",
                "schema": {
                  "type": "object",
                  "properties": {
                    "@@odata.context": {
                      "type": "string"
                    },
                    "value": {
                      "type": "array",
                      "items": {
                        "type": "object",
                        "properties": {
                          "id": {
                            "type": "string"
                          },
                          "deletedDateTime": {},
                          "classification": {},
                          "createdDateTime": {
                            "type": "string"
                          },
                          "creationOptions": {
                            "type": "array"
                          },
                          "description": {
                            "type": "string"
                          },
                          "displayName": {
                            "type": "string"
                          },
                          "expirationDateTime": {
                            "type": [
                              "string",
                              "null"
                            ]
                          },
                          "groupTypes": {
                            "type": "array",
                            "items": {
                              "type": "string"
                            }
                          },
                          "isAssignableToRole": {},
                          "mail": {
                            "type": "string"
                          },
                          "mailEnabled": {
                            "type": "boolean"
                          },
                          "mailNickname": {
                            "type": "string"
                          },
                          "membershipRule": {},
                          "membershipRuleProcessingState": {},
                          "onPremisesDomainName": {},
                          "onPremisesLastSyncDateTime": {},
                          "onPremisesNetBiosName": {},
                          "onPremisesSamAccountName": {},
                          "onPremisesSecurityIdentifier": {},
                          "onPremisesSyncEnabled": {},
                          "preferredDataLocation": {},
                          "preferredLanguage": {},
                          "proxyAddresses": {
                            "type": "array",
                            "items": {
                              "type": "string"
                            }
                          },
                          "renewedDateTime": {
                            "type": "string"
                          },
                          "resourceBehaviorOptions": {
                            "type": "array"
                          },
                          "resourceProvisioningOptions": {
                            "type": "array"
                          },
                          "securityEnabled": {
                            "type": "boolean"
                          },
                          "securityIdentifier": {
                            "type": "string"
                          },
                          "theme": {},
                          "visibility": {
                            "type": "string"
                          },
                          "onPremisesProvisioningErrors": {
                            "type": "array"
                          }
                        },
                        "required": [
                          "id",
                          "deletedDateTime",
                          "classification",
                          "createdDateTime",
                          "creationOptions",
                          "description",
                          "displayName",
                          "expirationDateTime",
                          "groupTypes",
                          "isAssignableToRole",
                          "mail",
                          "mailEnabled",
                          "mailNickname",
                          "membershipRule",
                          "membershipRuleProcessingState",
                          "onPremisesDomainName",
                          "onPremisesLastSyncDateTime",
                          "onPremisesNetBiosName",
                          "onPremisesSamAccountName",
                          "onPremisesSecurityIdentifier",
                          "onPremisesSyncEnabled",
                          "preferredDataLocation",
                          "preferredLanguage",
                          "proxyAddresses",
                          "renewedDateTime",
                          "resourceBehaviorOptions",
                          "resourceProvisioningOptions",
                          "securityEnabled",
                          "securityIdentifier",
                          "theme",
                          "visibility",
                          "onPremisesProvisioningErrors"
                        ]
                      }
                    }
                  }
                }
              }
            }
          },
          "runAfter": {
            "Initialize_RequestMailboxAlias_variable": [
              "Succeeded"
            ]
          },
          "else": {
            "actions": {
              "Check_if_site_exists": {
                "runAfter": {},
                "metadata": {
                  "operationMetadataId": "a7c21f59-f61b-4cdc-a846-d4a53b6307b8"
                },
                "type": "OpenApiConnection",
                "inputs": {
                  "host": {
                    "apiId": "/providers/Microsoft.PowerApps/apis/shared_sharepointonline",
                    "connectionName": "shared_sharepointonline_2",
                    "operationId": "HttpRequest"
                  },
                  "parameters": {
                    "dataset": "@parameters('Provision Assist SPO Site (msftprov_ProvisionAssistSPOSite)')",
                    "parameters/method": "POST",
                    "parameters/uri": "_api/SP.Site.Exists",
                    "parameters/headers": {
                      "accept": "application/json"
                    },
                    "parameters/body": "{\n\"url\":\"@{triggerBody()['text_2']}\"\n}"
                  },
                  "authentication": "@parameters('$authentication')"
                }
              },
              "Parde_site_exists_JSON": {
                "runAfter": {
                  "Check_if_site_exists": [
                    "Succeeded"
                  ]
                },
                "metadata": {
                  "operationMetadataId": "85f96a96-af35-44d3-9fda-2d86ffcd498b"
                },
                "type": "ParseJson",
                "inputs": {
                  "content": "@body('Check_if_site_exists')",
                  "schema": {
                    "type": "object",
                    "properties": {
                      "odata.metadata": {
                        "type": "string"
                      },
                      "value": {
                        "type": "boolean"
                      }
                    }
                  }
                }
              },
              "Check_site_exists_response": {
                "actions": {
                  "Set_SiteExists_variable_-_site_found": {
                    "runAfter": {},
                    "metadata": {
                      "operationMetadataId": "aac02fd9-e994-4697-bdfd-f1f7e671511c"
                    },
                    "type": "SetVariable",
                    "inputs": {
                      "name": "SiteExists",
                      "value": "@true"
                    }
                  }
                },
                "runAfter": {
                  "Parde_site_exists_JSON": [
                    "Succeeded"
                  ]
                },
                "expression": {
                  "equals": [
                    "@body('Parde_site_exists_JSON')?['value']",
                    "@true"
                  ]
                },
                "metadata": {
                  "operationMetadataId": "9161a673-fc3c-4cc4-9aa9-2a6d8b8f57be"
                },
                "type": "If"
              }
            }
          },
          "expression": {
            "or": [
              {
                "equals": [
                  "@triggerBody()['text']",
                  "Office 365 Group"
                ]
              },
              {
                "equals": [
                  "@triggerBody()['text']",
                  "Microsoft Teams Team"
                ]
              },
              {
                "equals": [
                  "@triggerBody()['text']",
                  "Viva Engage Community"
                ]
              }
            ]
          },
          "metadata": {
            "operationMetadataId": "52424334-650b-4efc-ab4b-d01c0b8b2622"
          },
          "type": "If",
          "description": "Check if the area type is a group or is backed by a group. If is a group we will look for groups otherwise we will check the site URL. "
        },
        "Initialize_IsGroup_variable": {
          "runAfter": {},
          "metadata": {
            "operationMetadataId": "f6f95685-b122-4114-a184-ac2b359ce199"
          },
          "type": "InitializeVariable",
          "inputs": {
            "variables": [
              {
                "name": "IsGroup",
                "type": "boolean"
              }
            ]
          }
        },
        "Initialize_SiteExists_variable": {
          "runAfter": {
            "Initialize_IsGroup_variable": [
              "Succeeded"
            ]
          },
          "metadata": {
            "operationMetadataId": "1edb74b9-b1f2-4856-9b66-9f6fcb6386b2"
          },
          "type": "InitializeVariable",
          "inputs": {
            "variables": [
              {
                "name": "SiteExists",
                "type": "boolean",
                "value": "@false"
              }
            ]
          }
        },
        "Check_site_exists_variable_value": {
          "actions": {
            "Check_for_existing_requests": {
              "actions": {
                "Check_for_existing_requests_in_the_requests_list": {
                  "runAfter": {},
                  "metadata": {
                    "operationMetadataId": "3808f82c-5663-439c-b665-5b550067eabb"
                  },
                  "type": "OpenApiConnection",
                  "inputs": {
                    "host": {
                      "apiId": "/providers/Microsoft.PowerApps/apis/shared_sharepointonline",
                      "connectionName": "shared_sharepointonline_2",
                      "operationId": "GetItems"
                    },
                    "parameters": {
                      "dataset": "@parameters('Provision Assist SPO Site (msftprov_ProvisionAssistSPOSite)')",
                      "table": "@parameters('Provisioning Requests List (msftprov_ProvisioningRequestsList)')",
                      "$filter": "MailboxAlias eq '@{triggerBody()['text_1']}'"
                    },
                    "authentication": "@parameters('$authentication')"
                  }
                },
                "Check_if_a_request_was_found_in_the_list": {
                  "actions": {
                    "Set_RequestExists_variable": {
                      "runAfter": {},
                      "metadata": {
                        "operationMetadataId": "a1a64d35-2b71-4107-a990-f1207088bd7b"
                      },
                      "type": "SetVariable",
                      "inputs": {
                        "name": "RequestExists",
                        "value": "@true"
                      }
                    },
                    "Check_if_request_is_created_by_the_current_user": {
                      "actions": {
                        "Set_IsCurrentUserRequest_variable": {
                          "runAfter": {},
                          "metadata": {
                            "operationMetadataId": "ef47ee66-fb5a-4e59-b59f-d4b59b8465ea"
                          },
                          "type": "SetVariable",
                          "inputs": {
                            "name": "IsCurrentUserRequest",
                            "value": "@true"
                          }
                        }
                      },
                      "runAfter": {
                        "Set_RequestMailboxAlias_variable": [
                          "Succeeded"
                        ]
                      },
                      "expression": {
                        "equals": [
                          "@first(outputs('Check_for_existing_requests_in_the_requests_list')?['body/value'])?['Author/Email']",
                          "@triggerBody()['text_3']"
                        ]
                      },
                      "metadata": {
                        "operationMetadataId": "b43c29d8-7922-41a3-9ad4-5a21841d82f2"
                      },
                      "type": "If"
                    },
                    "Set_RequestID_variable": {
                      "runAfter": {
                        "Set_RequestExists_variable": [
                          "Succeeded"
                        ]
                      },
                      "metadata": {
                        "operationMetadataId": "a405fd51-5704-41c3-865c-7951c5021f5b"
                      },
                      "type": "SetVariable",
                      "inputs": {
                        "name": "RequestID",
                        "value": "@first(outputs('Check_for_existing_requests_in_the_requests_list')?['body/value'])?['ID']"
                      }
                    },
                    "Set_RequestMailboxAlias_variable": {
                      "runAfter": {
                        "Set_RequestID_variable": [
                          "Succeeded"
                        ]
                      },
                      "metadata": {
                        "operationMetadataId": "35b3f478-3011-4e36-8db1-a185c81db541"
                      },
                      "type": "SetVariable",
                      "inputs": {
                        "name": "RequestMailboxAlias",
                        "value": "@{first(outputs('Check_for_existing_requests_in_the_requests_list')?['body/value'])?['MailboxAlias']}"
                      }
                    }
                  },
                  "runAfter": {
                    "Check_for_existing_requests_in_the_requests_list": [
                      "Succeeded"
                    ]
                  },
                  "expression": {
                    "greater": [
                      "@length(outputs('Check_for_existing_requests_in_the_requests_list')?['body/value'])",
                      0
                    ]
                  },
                  "metadata": {
                    "operationMetadataId": "62e03259-684a-4c42-bc6f-0a9948073169"
                  },
                  "type": "If"
                }
              },
              "runAfter": {},
              "metadata": {
                "operationMetadataId": "37250ace-801a-46fe-a365-0c49f2500279"
              },
              "type": "Scope"
            }
          },
          "runAfter": {
            "Check_area_type": [
              "Succeeded"
            ]
          },
          "expression": {
            "equals": [
              "@variables('SiteExists')",
              "@false"
            ]
          },
          "metadata": {
            "operationMetadataId": "a1ba83f1-fd5b-4de1-91cc-7200c728b6b0"
          },
          "type": "If"
        },
        "Initialize_RequestExists_variable": {
          "runAfter": {
            "Initialize_SiteExists_variable": [
              "Succeeded"
            ]
          },
          "metadata": {
            "operationMetadataId": "373c1030-87d8-4a47-8614-114c681ce647"
          },
          "type": "InitializeVariable",
          "inputs": {
            "variables": [
              {
                "name": "RequestExists",
                "type": "boolean",
                "value": "@false"
              }
            ]
          }
        },
        "Initialize_IsCurrentUserRequest_variable": {
          "runAfter": {
            "Initialize_RequestExists_variable": [
              "Succeeded"
            ]
          },
          "metadata": {
            "operationMetadataId": "3781f03d-6d3a-42c5-a453-cc731f234f67"
          },
          "type": "InitializeVariable",
          "inputs": {
            "variables": [
              {
                "name": "IsCurrentUserRequest",
                "type": "boolean",
                "value": "@false"
              }
            ]
          }
        },
        "Initialize_RequestID_variable": {
          "runAfter": {
            "Initialize_IsCurrentUserRequest_variable": [
              "Succeeded"
            ]
          },
          "metadata": {
            "operationMetadataId": "6bee96e5-ff10-4a2b-9b79-bd876275021e"
          },
          "type": "InitializeVariable",
          "inputs": {
            "variables": [
              {
                "name": "RequestID",
                "type": "integer"
              }
            ]
          }
        },
        "Respond_to_a_PowerApp_or_flow": {
          "runAfter": {
            "Check_site_exists_variable_value": [
              "Succeeded"
            ]
          },
          "metadata": {
            "operationMetadataId": "fa6020bf-dd95-47de-ac98-21d29d30badd"
          },
          "type": "Response",
          "kind": "PowerApp",
          "inputs": {
            "statusCode": 200,
            "body": {
              "siteexists": "@{variables('SiteExists')}",
              "requestexists": "@{variables('RequestExists')}",
              "iscurrentuserrequest": "@{variables('IsCurrentUserRequest')}",
              "requestid": "@{variables('RequestID')}",
              "requestmailboxalias": "@variables('RequestMailboxAlias')"
            },
            "schema": {
              "type": "object",
              "properties": {
                "siteexists": {
                  "title": "SiteExists",
                  "x-ms-dynamically-added": true,
                  "type": "string"
                },
                "requestexists": {
                  "title": "RequestExists",
                  "x-ms-dynamically-added": true,
                  "type": "string"
                },
                "iscurrentuserrequest": {
                  "title": "IsCurrentUserRequest",
                  "x-ms-dynamically-added": true,
                  "type": "string"
                },
                "requestid": {
                  "title": "RequestID",
                  "x-ms-dynamically-added": true,
                  "type": "number"
                },
                "requestmailboxalias": {
                  "title": "RequestMailboxAlias",
                  "x-ms-dynamically-added": true,
                  "type": "string"
                }
              }
            }
          }
        },
        "Initialize_RequestMailboxAlias_variable": {
          "runAfter": {
            "Initialize_RequestID_variable": [
              "Succeeded"
            ]
          },
          "metadata": {
            "operationMetadataId": "dbca8b89-4847-48b4-a4a8-a68930ca83f2"
          },
          "type": "InitializeVariable",
          "inputs": {
            "variables": [
              {
                "name": "RequestMailboxAlias",
                "type": "string"
              }
            ]
          }
        }
      }
    },
    "templateName": null
  },
  "schemaVersion": "1.0.0.0"
}