<environmentvariabledefinition schemaname="msftprov_IPLabelsList">
  <apiid>/providers/microsoft.powerapps/apis/shared_sharepointonline</apiid>
  <description default="Provision Assist IP Labels list">
    <label description="Provision Assist IP Labels list" languagecode="1033" />
  </description>
  <displayname default="IP Labels List">
    <label description="IP Labels List" languagecode="1033" />
  </displayname>
  <introducedversion>1.0.0.0</introducedversion>
  <iscustomizable>1</iscustomizable>
  <isrequired>0</isrequired>
  <parameterkey>table</parameterkey>
  <parentdefinitionid>
    <schemaname>msftprov_ProvisionAssistSPOSite</schemaname>
  </parentdefinitionid>
  <secretstore>0</secretstore>
  <type>100000004</type>
</environmentvariabledefinition>