<ImportExportXml xmlns:xsi="http://www.w3.org/2001/XMLSchema-instance" OrganizationVersion="9.2.24091.184" OrganizationSchemaType="Standard" CRMServerServiceabilityVersion="9.2.24092.00178">
  <Entities></Entities>
  <Roles></Roles>
  <Workflows>
    <Workflow WorkflowId="{4241e9be-9000-ee11-8f6c-002248c6b93d}" Name="Check Space Availability">
      <JsonFileName>/Workflows/CheckSpaceAvailability-4241E9BE-9000-EE11-8F6C-002248C6B93D.json</JsonFileName>
      <Type>1</Type>
      <Subprocess>0</Subprocess>
      <Category>5</Category>
      <Mode>0</Mode>
      <Scope>4</Scope>
      <OnDemand>0</OnDemand>
      <TriggerOnCreate>0</TriggerOnCreate>
      <TriggerOnDelete>0</TriggerOnDelete>
      <AsyncAutodelete>0</AsyncAutodelete>
      <SyncWorkflowLogOnFailure>0</SyncWorkflowLogOnFailure>
      <StateCode>1</StateCode>
      <StatusCode>2</StatusCode>
      <RunAs>1</RunAs>
      <IsTransacted>1</IsTransacted>
      <IntroducedVersion>1.0.0.0</IntroducedVersion>
      <IsCustomizable>1</IsCustomizable>
      <IsCustomProcessingStepAllowedForOtherPublishers>1</IsCustomProcessingStepAllowedForOtherPublishers>
      <PrimaryEntity>none</PrimaryEntity>
      <LocalizedNames>
        <LocalizedName languagecode="1033" description="Check Space Availability" />
      </LocalizedNames>
    </Workflow>
    <Workflow WorkflowId="{8a4c9c7d-2301-ee11-8f6c-002248c6b93d}" Name="Provisioning Request Approval">
      <JsonFileName>/Workflows/ProvisioningRequestApproval-8A4C9C7D-2301-EE11-8F6C-002248C6B93D.json</JsonFileName>
      <Type>1</Type>
      <Subprocess>0</Subprocess>
      <Category>5</Category>
      <Mode>0</Mode>
      <Scope>4</Scope>
      <OnDemand>0</OnDemand>
      <TriggerOnCreate>0</TriggerOnCreate>
      <TriggerOnDelete>0</TriggerOnDelete>
      <AsyncAutodelete>0</AsyncAutodelete>
      <SyncWorkflowLogOnFailure>0</SyncWorkflowLogOnFailure>
      <StateCode>0</StateCode>
      <StatusCode>1</StatusCode>
      <RunAs>1</RunAs>
      <IsTransacted>1</IsTransacted>
      <IntroducedVersion>1.0.0.0</IntroducedVersion>
      <IsCustomizable>1</IsCustomizable>
      <IsCustomProcessingStepAllowedForOtherPublishers>1</IsCustomProcessingStepAllowedForOtherPublishers>
      <PrimaryEntity>none</PrimaryEntity>
      <LocalizedNames>
        <LocalizedName languagecode="1033" description="Provisioning Request Approval" />
      </LocalizedNames>
    </Workflow>
    <Workflow WorkflowId="{92c61094-8200-ef11-9f89-6045bdfc7eed}" Name="Provisioning Request Approval GOSH">
      <JsonFileName>/Workflows/ProvisioningRequestApprovalGOSH-92C61094-8200-EF11-9F89-6045BDFC7EED.json</JsonFileName>
      <Type>1</Type>
      <Subprocess>0</Subprocess>
      <Category>5</Category>
      <Mode>0</Mode>
      <Scope>4</Scope>
      <OnDemand>0</OnDemand>
      <TriggerOnCreate>0</TriggerOnCreate>
      <TriggerOnDelete>0</TriggerOnDelete>
      <AsyncAutodelete>0</AsyncAutodelete>
      <SyncWorkflowLogOnFailure>0</SyncWorkflowLogOnFailure>
      <StateCode>1</StateCode>
      <StatusCode>2</StatusCode>
      <RunAs>1</RunAs>
      <IsTransacted>1</IsTransacted>
      <IntroducedVersion>1.1.0.2</IntroducedVersion>
      <IsCustomizable>1</IsCustomizable>
      <BusinessProcessType>0</BusinessProcessType>
      <IsCustomProcessingStepAllowedForOtherPublishers>1</IsCustomProcessingStepAllowedForOtherPublishers>
      <PrimaryEntity>none</PrimaryEntity>
      <LocalizedNames>
        <LocalizedName languagecode="1033" description="Provisioning Request Approval GOSH" />
      </LocalizedNames>
    </Workflow>
  </Workflows>
  <FieldSecurityProfiles></FieldSecurityProfiles>
  <Templates />
  <EntityMaps />
  <EntityRelationships />
  <OrganizationSettings />
  <optionsets />
  <CustomControls />
  <EntityDataProviders />
  <CanvasApps>
    <CanvasApp>
      <Name>msftprov_provisionassist_6b29f</Name>
      <AppVersion>2024-09-27T20:44:53Z</AppVersion>
      <Status>Ready</Status>
      <CreatedByClientVersion>3.24092.16.0</CreatedByClientVersion>
      <MinClientVersion>3.24092.16.0</MinClientVersion>
      <Tags>{"primaryDeviceWidth":"1366","primaryDeviceHeight":"768","sienaVersion":"20240927T153620Z-3.24092.16.0","deviceCapabilities":"","supportsPortrait":"true","supportsLandscape":"true","primaryFormFactor":"Tablet","publisherVersion":"3.24092.16","minimumRequiredApiVersion":"2.2.0","hasComponent":"true","hasNonOOBComponent":"true","hasUnlockedComponent":"true","isUnifiedRootApp":"false","showStatusBar":"false","offlineLargeFilesSupport":"false"}</Tags>
      <IsCdsUpgraded>0</IsCdsUpgraded>
      <GalleryItemId xsi:nil="true"></GalleryItemId>
      <BackgroundColor>rgba(1, 131, 134, 1)</BackgroundColor>
      <DisplayName>Provision Assist</DisplayName>
      <Description>Provision Assist is an app that allows users to request collaboration spaces in Microsoft 365.</Description>
      <CommitMessage xsi:nil="true"></CommitMessage>
      <Publisher></Publisher>
      <AuthorizationReferences>[]</AuthorizationReferences>
      <ConnectionReferences>{"d1b3e3ba-3495-4c78-9688-a62e2d62a897":{"id":"/providers/microsoft.powerapps/apis/shared_office365groups","displayName":"Office 365 Groups","iconUri":"https://connectoricons-prod.azureedge.net/releases/v1.0.1681/1.0.1681.3663/office365groups/icon.png","dataSources":["Office365Groups"],"dependencies":[],"dependents":[],"parameterHints":{},"parameterHintsV2":{},"isOnPremiseConnection":false,"bypassConsent":false,"dataSets":{},"apiTier":"Standard","actions":["ListGroupMembers"]},"b1988a28-9dd0-415e-ad0b-1d837ff76fa0":{"id":"/providers/microsoft.powerapps/apis/shared_sharepointonline","displayName":"SharePoint","iconUri":"https://connectoricons-prod.azureedge.net/u/jayawan/releases/v1.0.1697/1.0.1697.3786/sharepointonline/icon.png","dataSources":["Hub Sites List","Provisioning Types List","IP Labels List","Locales List","Provisioning Request Settings list","Site Templates List","Time Zones list","Teams Templates List","Retention Labels List","Provisioning Requests List","Recommendation Scoring List"],"dependencies":[],"dependents":[],"parameterHints":{},"parameterHintsV2":{},"isOnPremiseConnection":false,"bypassConsent":false,"dataSets":{"https://m365x54968485.sharepoint.com/sites/ProvisionAssist_msftprov_ProvisionAssistSPOSite":{"datasetOverride":{"name":"https://m365x54968485.sharepoint.com/sites/ProvisionAssist","environmentVariableName":"msftprov_ProvisionAssistSPOSite"},"dataSources":{"Hub Sites List":{"tableName":"86b8325c-e58d-457f-b9c3-f75e94e825ef","tableNameOverride":{"name":"86b8325c-e58d-457f-b9c3-f75e94e825ef","environmentVariableName":"msftprov_HubSitesList"}},"Provisioning Types List":{"tableName":"05a3b200-bec8-4f9a-b759-f2f55f2bd82a","tableNameOverride":{"name":"05a3b200-bec8-4f9a-b759-f2f55f2bd82a","environmentVariableName":"msftprov_ProvisioningTypesList"}},"IP Labels List":{"tableName":"3b053413-0f0a-4a9f-8730-6fdf44069088","tableNameOverride":{"name":"3b053413-0f0a-4a9f-8730-6fdf44069088","environmentVariableName":"msftprov_IPLabelsList"}},"Locales List":{"tableName":"7a2692f4-6329-4651-acad-06ba03fbbcf3","tableNameOverride":{"name":"7a2692f4-6329-4651-acad-06ba03fbbcf3","environmentVariableName":"msftprov_LocalesList"}},"Provisioning Request Settings list":{"tableName":"5aff5049-fb1f-4e2f-8518-556077a63188","tableNameOverride":{"name":"5aff5049-fb1f-4e2f-8518-556077a63188","environmentVariableName":"msftprov_ProvisioningRequestSettingslist"}},"Site Templates List":{"tableName":"676c02d5-5ec4-439c-903e-2cb7344346b1","tableNameOverride":{"name":"676c02d5-5ec4-439c-903e-2cb7344346b1","environmentVariableName":"msftprov_SiteTemplatesList"}},"Time Zones list":{"tableName":"1538485c-5741-490b-8d7a-20dd26afb404","tableNameOverride":{"name":"1538485c-5741-490b-8d7a-20dd26afb404","environmentVariableName":"msftprov_TimeZoneslist"}},"Teams Templates List":{"tableName":"111d2f2a-b26c-4921-b1fb-e3644e79e785","tableNameOverride":{"name":"111d2f2a-b26c-4921-b1fb-e3644e79e785","environmentVariableName":"msftprov_TeamsTemplatesList"}},"Retention Labels List":{"tableName":"0effea71-fe0f-436c-893c-76920dfd7509","tableNameOverride":{"name":"0effea71-fe0f-436c-893c-76920dfd7509","environmentVariableName":"msftprov_RetentionLabelsList"}},"Provisioning Requests List":{"tableName":"bebaaeac-2393-4971-af7a-5793ed84f89f","tableNameOverride":{"name":"bebaaeac-2393-4971-af7a-5793ed84f89f","environmentVariableName":"msftprov_ProvisioningRequestsList"}},"Recommendation Scoring List":{"tableName":"833e7fcc-571f-4263-a9e6-461ec77f387e","tableNameOverride":{"name":"833e7fcc-571f-4263-a9e6-461ec77f387e","environmentVariableName":"msftprov_RecommendationScoringList"}}}}},"apiTier":"Standard","actions":["providers/PowerPlatform.Governance/Operations/Read","providers/PowerPlatform.Governance/Operations/Write","providers/PowerPlatform.Governance/Operations/Delete"]},"574758c0-d601-4baa-a10a-debb423e06af":{"id":"/providers/microsoft.powerapps/apis/shared_office365users","displayName":"Office 365 Users","iconUri":"https://connectoricons-prod.azureedge.net/releases/v1.0.1715/1.0.1715.3906/office365users/icon.png","dataSources":["Office365Users"],"dependencies":[],"dependents":[],"parameterHints":{},"parameterHintsV2":{},"isOnPremiseConnection":false,"bypassConsent":false,"dataSets":{},"apiTier":"Standard","actions":["MyProfile","UserPhotoV2","MyProfileV2"]},"6b6d6557-e93f-4ebe-a576-65e7c6ae0ad6":{"id":"/providers/microsoft.powerapps/apis/shared_logicflows","displayName":"Logic flows","iconUri":"https://connectoricons-prod.azureedge.net/releases/v1.0.1697/1.0.1697.3784/logicflows/icon.png","dataSources":["CheckSpaceAvailability"],"dependencies":[],"dependents":[],"parameterHints":{"workflowName":{"value":"42aa2d3d-848d-4ebf-9930-74ff22edef7f"},"workflowEntityId":{"value":"4241e9be-9000-ee11-8f6c-002248c6b93d"}},"parameterHintsV2":{"workflowName":{"value":"42aa2d3d-848d-4ebf-9930-74ff22edef7f"},"workflowEntityId":{"value":"4241e9be-9000-ee11-8f6c-002248c6b93d"}},"isOnPremiseConnection":false,"bypassConsent":false,"dataSets":{},"apiTier":"Standard","actions":["Run"]}}</ConnectionReferences>
      <DatabaseReferences>{}</DatabaseReferences>
      <AppComponents>[]</AppComponents>
      <AppComponentDependencies>[]</AppComponentDependencies>
      <CanConsumeAppPass>1</CanConsumeAppPass>
      <CanvasAppType>0</CanvasAppType>
      <BypassConsent>0</BypassConsent>
      <AdminControlBypassConsent>0</AdminControlBypassConsent>
      <EmbeddedApp xsi:nil="true"></EmbeddedApp>
      <IntroducedVersion>1.0</IntroducedVersion>
      <CdsDependencies>{"cdsdependencies":[{"dependencyid":"4241e9be-9000-ee11-8f6c-002248c6b93d","componenttype":29,"componenttypeplatformname":"Workflow"},{"logicalname":"msftprov_ProvisionAssistSPOSite","componenttype":380,"componenttypeplatformname":"EnvironmentVariableDefinition"},{"logicalname":"msftprov_HubSitesList","componenttype":380,"componenttypeplatformname":"EnvironmentVariableDefinition"},{"logicalname":"msftprov_ProvisioningTypesList","componenttype":380,"componenttypeplatformname":"EnvironmentVariableDefinition"},{"logicalname":"msftprov_IPLabelsList","componenttype":380,"componenttypeplatformname":"EnvironmentVariableDefinition"},{"logicalname":"msftprov_LocalesList","componenttype":380,"componenttypeplatformname":"EnvironmentVariableDefinition"},{"logicalname":"msftprov_ProvisioningRequestSettingslist","componenttype":380,"componenttypeplatformname":"EnvironmentVariableDefinition"},{"logicalname":"msftprov_SiteTemplatesList","componenttype":380,"componenttypeplatformname":"EnvironmentVariableDefinition"},{"logicalname":"msftprov_TimeZoneslist","componenttype":380,"componenttypeplatformname":"EnvironmentVariableDefinition"},{"logicalname":"msftprov_TeamsTemplatesList","componenttype":380,"componenttypeplatformname":"EnvironmentVariableDefinition"},{"logicalname":"msftprov_RetentionLabelsList","componenttype":380,"componenttypeplatformname":"EnvironmentVariableDefinition"},{"logicalname":"msftprov_ProvisioningRequestsList","componenttype":380,"componenttypeplatformname":"EnvironmentVariableDefinition"},{"logicalname":"msftprov_RecommendationScoringList","componenttype":380,"componenttypeplatformname":"EnvironmentVariableDefinition"}]}</CdsDependencies>
      <IsCustomizable>1</IsCustomizable>
      <BackgroundImageUri>/CanvasApps/msftprov_provisionassist_6b29f_BackgroundImageUri</BackgroundImageUri>
      <DocumentUri>/CanvasApps/msftprov_provisionassist_6b29f_DocumentUri.msapp</DocumentUri>
      <AdditionalUris>
        <AdditionalUri>/CanvasApps/msftprov_provisionassist_6b29f_AdditionalUris0_identity.json</AdditionalUri>
      </AdditionalUris>
    </CanvasApp>
  </CanvasApps>
  <connectionreferences>
    <connectionreference connectionreferencelogicalname="msftprov_ApprovalsConnection">
      <connectionreferencedisplayname>Approvals Connection</connectionreferencedisplayname>
      <connectorid>/providers/Microsoft.PowerApps/apis/shared_approvals</connectorid>
      <description>Approvals Connection</description>
      <iscustomizable>1</iscustomizable>
      <statecode>0</statecode>
      <statuscode>1</statuscode>
    </connectionreference>
    <connectionreference connectionreferencelogicalname="msftprov_Office365GroupsConnection">
      <connectionreferencedisplayname>Office 365 Groups Connection</connectionreferencedisplayname>
      <connectorid>/providers/Microsoft.PowerApps/apis/shared_office365groups</connectorid>
      <description>Office 365 Groups Connection</description>
      <iscustomizable>1</iscustomizable>
      <statecode>0</statecode>
      <statuscode>1</statuscode>
    </connectionreference>
    <connectionreference connectionreferencelogicalname="msftprov_Office365OutlookConnection">
      <connectionreferencedisplayname>Office 365 Outlook Connection</connectionreferencedisplayname>
      <connectorid>/providers/Microsoft.PowerApps/apis/shared_office365</connectorid>
      <description>Office 365 Outlook Connection</description>
      <iscustomizable>1</iscustomizable>
      <statecode>0</statecode>
      <statuscode>1</statuscode>
    </connectionreference>
    <connectionreference connectionreferencelogicalname="msftprov_SharePointConnection">
      <connectionreferencedisplayname>SharePoint Connection</connectionreferencedisplayname>
      <connectorid>/providers/Microsoft.PowerApps/apis/shared_sharepointonline</connectorid>
      <description>Connection to SharePoint</description>
      <iscustomizable>1</iscustomizable>
      <statecode>0</statecode>
      <statuscode>1</statuscode>
    </connectionreference>
    <connectionreference connectionreferencelogicalname="msftprov_TeamsConnection">
      <connectionreferencedisplayname>Teams Connection</connectionreferencedisplayname>
      <connectorid>/providers/Microsoft.PowerApps/apis/shared_teams</connectorid>
      <description>Microsoft Teams Connection</description>
      <iscustomizable>1</iscustomizable>
      <statecode>0</statecode>
      <statuscode>1</statuscode>
    </connectionreference>
  </connectionreferences>
  <Languages>
    <Language>1033</Language>
  </Languages>
</ImportExportXml>