<environmentvariabledefinition schemaname="msftprov_BusinessUnitsList">
  <apiid>/providers/microsoft.powerapps/apis/shared_sharepointonline</apiid>
  <description default="Provision Assist Business Units list">
    <label description="Provision Assist Business Units list" languagecode="1033" />
  </description>
  <displayname default="Business Units List">
    <label description="Business Units List" languagecode="1033" />
  </displayname>
  <introducedversion>2.0.0.5</introducedversion>
  <iscustomizable>1</iscustomizable>
  <isrequired>0</isrequired>
  <parameterkey>table</parameterkey>
  <parentdefinitionid>
    <schemaname>msftprov_ProvisionAssistSPOSite</schemaname>
  </parentdefinitionid>
  <secretstore>0</secretstore>
  <type>100000004</type>
</environmentvariabledefinition>