<ImportExportXml xmlns:xsi="http://www.w3.org/2001/XMLSchema-instance">
  <Entities></Entities>
  <Roles></Roles>
  <Workflows>
    <Workflow WorkflowId="{4241e9be-9000-ee11-8f6c-002248c6b93d}" Name="Check Space Availability">
      <JsonFileName>/Workflows/CheckSpaceAvailability-4241E9BE-9000-EE11-8F6C-002248C6B93D.json</JsonFileName>
      <Type>1</Type>
      <Subprocess>0</Subprocess>
      <Category>5</Category>
      <Mode>0</Mode>
      <Scope>4</Scope>
      <OnDemand>0</OnDemand>
      <TriggerOnCreate>0</TriggerOnCreate>
      <TriggerOnDelete>0</TriggerOnDelete>
      <AsyncAutodelete>0</AsyncAutodelete>
      <SyncWorkflowLogOnFailure>0</SyncWorkflowLogOnFailure>
      <StateCode>1</StateCode>
      <StatusCode>2</StatusCode>
      <RunAs>1</RunAs>
      <IsTransacted>1</IsTransacted>
      <IntroducedVersion>1.0.0.0</IntroducedVersion>
      <IsCustomizable>1</IsCustomizable>
      <BusinessProcessType>0</BusinessProcessType>
      <IsCustomProcessingStepAllowedForOtherPublishers>1</IsCustomProcessingStepAllowedForOtherPublishers>
      <PrimaryEntity>none</PrimaryEntity>
      <LocalizedNames>
        <LocalizedName languagecode="1033" description="Check Space Availability" />
      </LocalizedNames>
    </Workflow>
    <Workflow WorkflowId="{8a4c9c7d-2301-ee11-8f6c-002248c6b93d}" Name="Provisioning Request Approval">
      <JsonFileName>/Workflows/ProvisioningRequestApproval-8A4C9C7D-2301-EE11-8F6C-002248C6B93D.json</JsonFileName>
      <Type>1</Type>
      <Subprocess>0</Subprocess>
      <Category>5</Category>
      <Mode>0</Mode>
      <Scope>4</Scope>
      <OnDemand>0</OnDemand>
      <TriggerOnCreate>0</TriggerOnCreate>
      <TriggerOnDelete>0</TriggerOnDelete>
      <AsyncAutodelete>0</AsyncAutodelete>
      <SyncWorkflowLogOnFailure>0</SyncWorkflowLogOnFailure>
      <StateCode>1</StateCode>
      <StatusCode>2</StatusCode>
      <RunAs>1</RunAs>
      <IsTransacted>1</IsTransacted>
      <IntroducedVersion>1.0.0.0</IntroducedVersion>
      <IsCustomizable>1</IsCustomizable>
      <BusinessProcessType>0</BusinessProcessType>
      <IsCustomProcessingStepAllowedForOtherPublishers>1</IsCustomProcessingStepAllowedForOtherPublishers>
      <PrimaryEntity>none</PrimaryEntity>
      <LocalizedNames>
        <LocalizedName languagecode="1033" description="Provisioning Request Approval" />
      </LocalizedNames>
    </Workflow>
  </Workflows>
  <FieldSecurityProfiles></FieldSecurityProfiles>
  <Templates />
  <EntityMaps />
  <EntityRelationships />
  <OrganizationSettings />
  <optionsets />
  <CustomControls />
  <EntityDataProviders />
  <CanvasApps>
    <CanvasApp>
      <Name>msftprov_provisionassist_6b29f</Name>
      <AppVersion>2023-07-04T14:55:06Z</AppVersion>
      <Status>Ready</Status>
      <CreatedByClientVersion>3.23063.15.0</CreatedByClientVersion>
      <MinClientVersion>3.23063.15.0</MinClientVersion>
      <Tags>{"primaryDeviceWidth":"1366","primaryDeviceHeight":"768","sienaVersion":"20230703T175643Z-3.23063.15.0","deviceCapabilities":"","supportsPortrait":"true","supportsLandscape":"true","primaryFormFactor":"Tablet","publisherVersion":"3.23063.15","minimumRequiredApiVersion":"2.2.0","hasComponent":"true","hasNonOOBComponent":"true","hasUnlockedComponent":"true","isUnifiedRootApp":"false"}</Tags>
      <IsCdsUpgraded>0</IsCdsUpgraded>
      <GalleryItemId xsi:nil="true"></GalleryItemId>
      <BackgroundColor>rgba(1, 131, 134, 1)</BackgroundColor>
      <DisplayName>Provision Assist</DisplayName>
      <Description>Provision Assist is an app that allows users to request collaboration spaces in Microsoft 365.</Description>
      <CommitMessage xsi:nil="true"></CommitMessage>
      <Publisher xsi:nil="true"></Publisher>
      <AuthorizationReferences>[]</AuthorizationReferences>
      <ConnectionReferences>{"d1b3e3ba-3495-4c78-9688-a62e2d62a897":{"id":"/providers/microsoft.powerapps/apis/shared_office365groups","displayName":"Office 365 Groups","iconUri":"https://connectoricons-prod.azureedge.net/u/laborbol/partial-builds/390724148/1.0.1641.3327/office365groups/icon.png","dataSources":["Office365Groups"],"dependencies":[],"dependents":["42433bb5-44bc-43d5-8306-baffa76432a1"],"parameterHints":{},"parameterHintsV2":{},"isOnPremiseConnection":false,"bypassConsent":false,"dataSets":{},"apiTier":"Standard","actions":["ListGroupMembers"]},"42433bb5-44bc-43d5-8306-baffa76432a1":{"id":"/providers/microsoft.powerapps/apis/shared_logicflows","displayName":"Logic flows","iconUri":"https://connectoricons-prod.azureedge.net/releases/v1.0.1636/1.0.1636.3297/logicflows/icon.png","dataSources":["CheckSpaceAvailability"],"dependencies":["d1b3e3ba-3495-4c78-9688-a62e2d62a897","b1988a28-9dd0-415e-ad0b-1d837ff76fa0","34e7b7d6-8f30-47cc-8d5e-fba79572bc1c"],"dependents":[],"parameterHints":{"workflowName":{"value":"06dee66d-1be2-4ab6-86d9-6cff4c0882bf"},"workflowEntityId":{"value":"4241e9be-9000-ee11-8f6c-002248c6b93d"},"d1b3e3ba-3495-4c78-9688-a62e2d62a897":{"value":"shared_office365groups_1"},"b1988a28-9dd0-415e-ad0b-1d837ff76fa0":{"value":"shared_sharepointonline_1"},"34e7b7d6-8f30-47cc-8d5e-fba79572bc1c":{"value":"shared_sharepointonline_2"}},"parameterHintsV2":{"workflowName":{"value":"06dee66d-1be2-4ab6-86d9-6cff4c0882bf"},"workflowEntityId":{"value":"4241e9be-9000-ee11-8f6c-002248c6b93d"},"shared_office365groups_1":{"value":"d1b3e3ba-3495-4c78-9688-a62e2d62a897"},"shared_sharepointonline_1":{"value":"b1988a28-9dd0-415e-ad0b-1d837ff76fa0"},"shared_sharepointonline_2":{"value":"34e7b7d6-8f30-47cc-8d5e-fba79572bc1c"}},"isOnPremiseConnection":false,"bypassConsent":false,"dataSets":{},"apiTier":"Standard","actions":["Run"]},"b1988a28-9dd0-415e-ad0b-1d837ff76fa0":{"id":"/providers/microsoft.powerapps/apis/shared_sharepointonline","displayName":"SharePoint","iconUri":"https://connectoricons-prod.azureedge.net/u/shgogna/globalperconnector-train1/1.0.1639.3312/sharepointonline/icon.png","dataSources":["Provisioning Requests List","Provisioning Request Settings list","Provisioning Types List","Teams Templates List","Time Zones list","Site Templates List","Retention Labels List","Recommendation Scoring List","Locales List","IP Labels List","Hub Sites List","Test List"],"dependencies":[],"dependents":["42433bb5-44bc-43d5-8306-baffa76432a1"],"parameterHints":{},"parameterHintsV2":{},"isOnPremiseConnection":false,"bypassConsent":false,"dataSets":{"https://m365x765471.sharepoint.com/sites/ProvisionAssist_msftprov_ProvisionAssistSPOSite":{"datasetOverride":{"name":"https://m365x765471.sharepoint.com/sites/ProvisionAssist","environmentVariableName":"msftprov_ProvisionAssistSPOSite"},"dataSources":{"Provisioning Requests List":{"tableName":"c36ebbf8-c667-4c4c-b05d-cc2706be868d","tableNameOverride":{"name":"c36ebbf8-c667-4c4c-b05d-cc2706be868d","environmentVariableName":"msftprov_ProvisioningRequestsList"}},"Provisioning Request Settings list":{"tableName":"1355a5bb-d978-4f23-8f9a-bcb36c8af749","tableNameOverride":{"name":"1355a5bb-d978-4f23-8f9a-bcb36c8af749","environmentVariableName":"msftprov_ProvisioningRequestSettingslist"}},"Provisioning Types List":{"tableName":"39fc4698-ffff-443f-a412-07680f2de845","tableNameOverride":{"name":"39fc4698-ffff-443f-a412-07680f2de845","environmentVariableName":"msftprov_ProvisioningTypesList"}},"Teams Templates List":{"tableName":"74b60e52-4178-4b40-9ec7-bb5f815eea6a","tableNameOverride":{"name":"74b60e52-4178-4b40-9ec7-bb5f815eea6a","environmentVariableName":"msftprov_TeamsTemplatesList"}},"Time Zones list":{"tableName":"2971e688-f02b-449c-9f6d-2a17d7317a38","tableNameOverride":{"name":"2971e688-f02b-449c-9f6d-2a17d7317a38","environmentVariableName":"msftprov_TimeZoneslist"}},"Site Templates List":{"tableName":"85e84e4b-eb63-4d29-a501-8092c350c463","tableNameOverride":{"name":"85e84e4b-eb63-4d29-a501-8092c350c463","environmentVariableName":"msftprov_SiteTemplatesList"}},"Retention Labels List":{"tableName":"dd479837-5c17-4bed-8b22-94d0ed578f19","tableNameOverride":{"name":"dd479837-5c17-4bed-8b22-94d0ed578f19","environmentVariableName":"msftprov_RetentionLabelsList"}},"Recommendation Scoring List":{"tableName":"fb470e9b-0217-4e06-9bc1-2e3a276cc891","tableNameOverride":{"name":"fb470e9b-0217-4e06-9bc1-2e3a276cc891","environmentVariableName":"msftprov_RecommendationScoringList"}},"Locales List":{"tableName":"8bbc7cdf-c730-40c1-8098-b7322f356122","tableNameOverride":{"name":"8bbc7cdf-c730-40c1-8098-b7322f356122","environmentVariableName":"msftprov_LocalesList"}},"IP Labels List":{"tableName":"7b077b76-2026-416d-a7ae-fcc6ffe6ec01","tableNameOverride":{"name":"7b077b76-2026-416d-a7ae-fcc6ffe6ec01","environmentVariableName":"msftprov_IPLabelsList"}},"Hub Sites List":{"tableName":"7dce704a-6b57-4bfe-ab2e-b419ae43525d","tableNameOverride":{"name":"7dce704a-6b57-4bfe-ab2e-b419ae43525d","environmentVariableName":"msftprov_HubSitesList"}},"Test List":{"tableName":"6be77dbd-40eb-4a7d-af02-9df0a3a8b968","tableNameOverride":{"name":"6be77dbd-40eb-4a7d-af02-9df0a3a8b968","environmentVariableName":"msftprov_TestList"}}}}},"apiTier":"Standard","actions":["providers/PowerPlatform.Governance/Operations/Read"]},"34e7b7d6-8f30-47cc-8d5e-fba79572bc1c":{"id":"/providers/microsoft.powerapps/apis/shared_sharepointonline","displayName":"SharePoint","iconUri":"https://connectoricons-prod.azureedge.net/u/shgogna/globalperconnector-train1/1.0.1639.3312/sharepointonline/icon.png","dataSources":[],"dependencies":[],"dependents":["42433bb5-44bc-43d5-8306-baffa76432a1"],"parameterHints":{},"parameterHintsV2":{},"isOnPremiseConnection":false,"bypassConsent":false,"dataSets":{},"apiTier":"Standard","actions":["providers/PowerPlatform.Governance/Operations/Read"]},"574758c0-d601-4baa-a10a-debb423e06af":{"id":"/providers/microsoft.powerapps/apis/shared_office365users","displayName":"Office 365 Users","iconUri":"https://connectoricons-prod.azureedge.net/u/laborbol/partial-builds/390724148/1.0.1641.3327/office365users/icon.png","dataSources":["Office365Users"],"dependencies":[],"dependents":[],"parameterHints":{},"parameterHintsV2":{},"isOnPremiseConnection":false,"bypassConsent":false,"dataSets":{},"apiTier":"Standard","actions":["MyProfile","UserPhotoV2","MyProfileV2"]}}</ConnectionReferences>
      <DatabaseReferences>{}</DatabaseReferences>
      <AppComponents>[]</AppComponents>
      <AppComponentDependencies>[]</AppComponentDependencies>
      <CanConsumeAppPass>1</CanConsumeAppPass>
      <CanvasAppType>0</CanvasAppType>
      <BypassConsent>0</BypassConsent>
      <AdminControlBypassConsent>0</AdminControlBypassConsent>
      <EmbeddedApp xsi:nil="true"></EmbeddedApp>
      <IntroducedVersion>1.0</IntroducedVersion>
      <CdsDependencies>{"cdsdependencies":[{"dependencyid":"4241e9be-9000-ee11-8f6c-002248c6b93d","componenttype":29,"componenttypeplatformname":"Workflow"},{"logicalname":"msftprov_ProvisionAssistSPOSite","componenttype":380,"componenttypeplatformname":"EnvironmentVariableDefinition"},{"logicalname":"msftprov_ProvisioningRequestsList","componenttype":380,"componenttypeplatformname":"EnvironmentVariableDefinition"},{"logicalname":"msftprov_ProvisioningRequestSettingslist","componenttype":380,"componenttypeplatformname":"EnvironmentVariableDefinition"},{"logicalname":"msftprov_ProvisioningTypesList","componenttype":380,"componenttypeplatformname":"EnvironmentVariableDefinition"},{"logicalname":"msftprov_TeamsTemplatesList","componenttype":380,"componenttypeplatformname":"EnvironmentVariableDefinition"},{"logicalname":"msftprov_TimeZoneslist","componenttype":380,"componenttypeplatformname":"EnvironmentVariableDefinition"},{"logicalname":"msftprov_SiteTemplatesList","componenttype":380,"componenttypeplatformname":"EnvironmentVariableDefinition"},{"logicalname":"msftprov_RetentionLabelsList","componenttype":380,"componenttypeplatformname":"EnvironmentVariableDefinition"},{"logicalname":"msftprov_RecommendationScoringList","componenttype":380,"componenttypeplatformname":"EnvironmentVariableDefinition"},{"logicalname":"msftprov_LocalesList","componenttype":380,"componenttypeplatformname":"EnvironmentVariableDefinition"},{"logicalname":"msftprov_IPLabelsList","componenttype":380,"componenttypeplatformname":"EnvironmentVariableDefinition"},{"logicalname":"msftprov_HubSitesList","componenttype":380,"componenttypeplatformname":"EnvironmentVariableDefinition"},{"logicalname":"msftprov_TestList","componenttype":380,"componenttypeplatformname":"EnvironmentVariableDefinition"}]}</CdsDependencies>
      <IsCustomizable>1</IsCustomizable>
      <BackgroundImageUri>/CanvasApps/msftprov_provisionassist_6b29f_BackgroundImageUri</BackgroundImageUri>
      <DocumentUri>/CanvasApps/msftprov_provisionassist_6b29f_DocumentUri.msapp</DocumentUri>
    </CanvasApp>
  </CanvasApps>
  <connectionreferences>
    <connectionreference connectionreferencelogicalname="msftprov_ApprovalsConnection">
      <connectionreferencedisplayname>Approvals Connection</connectionreferencedisplayname>
      <connectorid>/providers/Microsoft.PowerApps/apis/shared_approvals</connectorid>
      <description>Approvals Connection</description>
      <iscustomizable>1</iscustomizable>
      <statecode>0</statecode>
      <statuscode>1</statuscode>
    </connectionreference>
    <connectionreference connectionreferencelogicalname="msftprov_Office365GroupsConnection">
      <connectionreferencedisplayname>Office 365 Groups Connection</connectionreferencedisplayname>
      <connectorid>/providers/Microsoft.PowerApps/apis/shared_office365groups</connectorid>
      <description>Office 365 Groups Connection</description>
      <iscustomizable>1</iscustomizable>
      <statecode>0</statecode>
      <statuscode>1</statuscode>
    </connectionreference>
    <connectionreference connectionreferencelogicalname="msftprov_Office365OutlookConnection">
      <connectionreferencedisplayname>Office 365 Outlook Connection</connectionreferencedisplayname>
      <connectorid>/providers/Microsoft.PowerApps/apis/shared_office365</connectorid>
      <description>Office 365 Outlook Connection</description>
      <iscustomizable>1</iscustomizable>
      <statecode>0</statecode>
      <statuscode>1</statuscode>
    </connectionreference>
    <connectionreference connectionreferencelogicalname="msftprov_SharePointConnection">
      <connectionreferencedisplayname>SharePoint Connection</connectionreferencedisplayname>
      <connectorid>/providers/Microsoft.PowerApps/apis/shared_sharepointonline</connectorid>
      <description>Connection to SharePoint</description>
      <iscustomizable>1</iscustomizable>
      <statecode>0</statecode>
      <statuscode>1</statuscode>
    </connectionreference>
    <connectionreference connectionreferencelogicalname="msftprov_TeamsConnection">
      <connectionreferencedisplayname>Teams Connection</connectionreferencedisplayname>
      <connectorid>/providers/Microsoft.PowerApps/apis/shared_teams</connectorid>
      <description>Microsoft Teams Connection</description>
      <iscustomizable>1</iscustomizable>
      <statecode>0</statecode>
      <statuscode>1</statuscode>
    </connectionreference>
  </connectionreferences>
  <Languages>
    <Language>1033</Language>
  </Languages>
</ImportExportXml>